IMG_2124908027.a_MRS2a_Contig_6790	Eukaryota;Obazoa;Opisthokonta;Fungi;Basidiomycota;Agaricomycotina;Agaricomycetes;Mrakia
IMG_3300000124.a_BS_KBA_SWE12_21mDRAFT_c10001746	Eukaryota;Obazoa;Opisthokonta;Metazoa;Arthropoda;Crustacea;Maxillopoda;Eurytemora
IMG_3300000230.a_TB_GS10_10DRAFT_10004937	Eukaryota;TSAR;Alveolata;Ciliophora;Oligohymenophorea;Apostomatia;Pseudocolliniidae;Fusiforma
IMG_3300000558.a_Draft_10047747	Eukaryota;Amoebozoa;Tubulinea;Tubulinea_X;Elardia;Euamoebida;Hartmannellidae;Copromyxa
IMG_3300000975.a_JGI11829J13087_100284	Eukaryota;Obazoa;Opisthokonta;Fungi;Basidiomycota;Ustilaginomycotina;Exobasidiomycetes;Tilletiopsis
IMG_3300001380.a_JGI1356J14229_10009744	Eukaryota;Excavata;Discoba;Discoba_X;Heterolobosea;Tetramitia_VI;Psalteriomonadidae;Sawyeria
IMG_3300001593.a_JGI12635J15846_10009458	Eukaryota;Obazoa;Opisthokonta;Metazoa;Nematoda;Enoplea;Enoplea_X;Clavicaudoides
IMG_3300001605.a_Draft_10015829	Eukaryota;TSAR;Alveolata;Ciliophora;Phyllopharyngea;Suctoria;Suctoria_X;Suctoria_XX
IMG_3300001867.a_JGI12627J18819_10003018	Eukaryota;TSAR;Alveolata;Apicomplexa;Gregarinomorphea;Eugregarinorida;Gregarinidae;Leidyana2
IMG_3300002042.a_LBB12012_10001907	Eukaryota;TSAR_dummy;Rhizaria_dummy;Foraminifera_dummy;Monothalamids_dummy;Monothalamids_X_dummy;Lagynidae_dummy;Nemogullmia_dummy
IMG_3300002062.a_SA2_1000898	Eukaryota;Archaeplastida;Chlorophyta;Chlorophyta_X;Ulvophyceae;Ulvales-relatives;Ulvales-relatives_X;Ulva
IMG_3300002729.a_AY690838_10000643	Eukaryota;Obazoa;Opisthokonta;Metazoa;Platyhelminthes;Turbellaria;Prolecithophora;Plagiostomum
IMG_3300002729.a_AY690838_10016086	Eukaryota;Obazoa;Opisthokonta;Metazoa;Annelida;Annelida_X;Annelida_XX;Loimia
IMG_3300003489.a_JGI26540J51217_10004459	Eukaryota;Amoebozoa;Tubulinea;Tubulinea_X;Elardia;Euamoebida;Hartmannellidae;Copromyxa
IMG_3300003830.a_Ga0051980_10007279	Eukaryota;Excavata;Discoba;Discoba_X;Heterolobosea;Tetramitia_I;Neovahlkampfiidae;Neovahlkampfia
IMG_3300003979.a_Ga0063037_102072	Eukaryota;TSAR;Alveolata;Dinoflagellata;Syndiniales;Dino-Group-II;Dino-Group-II-Clade-7;Dino-Group-II-Clade-7_X
IMG_3300005272.a_Ga0065703_1000045_1	Eukaryota;Obazoa;Opisthokonta;Fungi;Ascomycota;Pezizomycotina;Dothideomycetes;Zymoseptoria
IMG_3300005435.a_Ga0070714_100011714	Eukaryota;TSAR;Alveolata;Apicomplexa;Gregarinomorphea;Neogregarinorida;Actinocephalidae;Hyplorynchus
IMG_3300005436.a_Ga0070713_100009497	Eukaryota;TSAR;Alveolata;Apicomplexa;Gregarinomorphea;Neogregarinorida;Actinocephalidae;Monocystis
IMG_3300005525.a_Ga0068877_10007917	Eukaryota;TSAR;Alveolata;Ciliophora;Phyllopharyngea;Suctoria;Tokophryidae;Tokophrya
IMG_3300005533.a_Ga0070734_10014374	Eukaryota;Obazoa;Opisthokonta;Fungi;Ascomycota;Pezizomycotina;Dothideomycetes;Dothideomycetes_X
IMG_3300005719.a_Ga0068861_100010582	Eukaryota;TSAR;Alveolata;Apicomplexa;Gregarinomorphea;Neogregarinorida;Actinocephalidae;Monocystis
IMG_3300005837.a_Ga0078893_10002418	Eukaryota;TSAR;Alveolata;Ciliophora;Cyclotrichium_like_organism;Cyclotrichium_like_organism_X;Cyclotrichium_like_organism_XX;Cyclotrichium
IMG_3300005937.a_Ga0081455_10026344	Eukaryota;Obazoa;Opisthokonta;Fungi;Ascomycota;Pezizomycotina;Dothideomycetes;Farlowiella
IMG_3300005986.a_Ga0075152_10006308	Eukaryota;Amoebozoa;Tubulinea;Tubulinea_X;Elardia;Euamoebida;Hartmannellidae;Copromyxa
IMG_3300005987.a_Ga0075158_10005075	Eukaryota;TSAR;Alveolata;Ciliophora;Phyllopharyngea;Suctoria;Tokophryidae;Tokophrya
IMG_3300005989.a_Ga0075154_10004707	Eukaryota;Amoebozoa;Tubulinea;Tubulinea_X;Elardia;Euamoebida;Hartmannellidae;Copromyxa
IMG_3300006039.a_Ga0073915_10000365	Eukaryota;Obazoa;Opisthokonta;Metazoa;Gastrotricha;Gastrotricha_X;Gastrotricha_XX;Chaetonotus
IMG_3300006111.a_Ga0007848_1001842	Eukaryota;Obazoa;Opisthokonta;Metazoa;Gastrotricha;Gastrotricha_X;Gastrotricha_XX;Heterolepidoderma
IMG_3300006339.a_Ga0068481_1058409	Eukaryota;TSAR;Alveolata;Dinoflagellata;Syndiniales;Dino-Group-II;Dino-Group-II-Clade-7;Dino-Group-II-Clade-7_X
IMG_3300006339.a_Ga0068481_1098157	Eukaryota;TSAR;Alveolata;Dinoflagellata;Syndiniales;Dino-Group-II;Dino-Group-II-Clade-7;Dino-Group-II-Clade-7_X
IMG_3300007088.a_Ga0104047_1000705	Eukaryota;Obazoa;Opisthokonta;Metazoa;Arthropoda;Hexapoda;Insecta;Philaenus
IMG_3300007513.a_Ga0105019_1012313	Eukaryota;TSAR;Rhizaria;Radiolaria;Acantharea;Acantharea_3;Acantharea_3a;Acantharea_3a_X
IMG_3300007985.a_Ga0100381_1005321_1	Eukaryota;TSAR;Alveolata;Ciliophora;Oligohymenophorea;Peritrichia_2;Sessilida;Pseudovorticella
IMG_3300008108.a_Ga0114341_10034220	Eukaryota;TSAR;Alveolata;Chrompodellids;Colpodellidea;Colpodellida;Colpodellida_CHR1;Colpodellida_CHR1_X
IMG_3300008117.a_Ga0114351_1038975	Eukaryota;TSAR;Alveolata;Ciliophora;Litostomatea;Rhynchostomatia;Dileptidae;Dileptidae_X
IMG_3300008261.a_Ga0114336_1021924	Eukaryota;Obazoa;Opisthokonta;Metazoa;Arthropoda;Crustacea;Branchiopoda;Daphnia
IMG_3300008264.a_Ga0114353_1015029	Eukaryota;TSAR;Alveolata;Ciliophora;Cyclotrichium_like_organism;Cyclotrichium_like_organism_X;Cyclotrichium_like_organism_XX;Cyclotrichium
IMG_3300008264.a_Ga0114353_1023734	Eukaryota;TSAR;Alveolata;Ciliophora;Prostomatea;Prorodontida;Urotrichidae;Urotricha
IMG_3300008265.a_Ga0114361_1003919	Eukaryota;Obazoa;Opisthokonta;Fungi;Fungi_X;Fungi_XX;Fungi_XXX;Fungi_XXXX
IMG_3300008740.a_Ga0115663_1004244	Eukaryota;TSAR;Alveolata;Dinoflagellata;Syndiniales;Dino-Group-II;Dino-Group-II_X;Dino-Group-II_XX
IMG_3300009103.a_Ga0117901_1013151	Eukaryota;TSAR;Rhizaria;Radiolaria;Polycystinea;Spumellaria;Tholoniidae;Tholomura
IMG_3300009419.a_Ga0114982_1003260_1	Eukaryota;Archaeplastida;Chlorophyta;Chlorophyta_X;Chlorophyceae;Sphaeropleales;Sphaeropleales_X;Sphaeropleales_XX
IMG_3300009436.a_Ga0115008_10017937	Eukaryota;TSAR;Alveolata;Dinoflagellata;Syndiniales;Dino-Group-II;Dino-Group-II-Clade-3;Dino-Group-II-Clade-3_X
IMG_3300009448.a_Ga0114940_10006208	Eukaryota;TSAR;Alveolata;Apicomplexa;Gregarinomorphea;Eugregarinorida;Gregarinidae;Leidyana2
IMG_3300009455.a_Ga0114939_10005707	Eukaryota;Obazoa;Opisthokonta;Fungi;Fungi_X;Fungi_XX;Fungi_XXX;Fungi_XXXX
IMG_3300009500.a_Ga0116229_10017282	Eukaryota;Obazoa;Opisthokonta;Metazoa;Arthropoda;Arthropoda_X;Arthropoda_XX;Oribatida
IMG_3300009517.a_Ga0102832_1003920	Eukaryota;Obazoa;Opisthokonta;Fungi;Rozellomycota;Rozellomycota_X;Rozellomycota_XX;Rozellomycota_XXX
IMG_3300009873.a_Ga0131077_10045015	Eukaryota;TSAR;Alveolata;Ciliophora;Phyllopharyngea;Suctoria;Acinetidae_2;Acineta_1
IMG_3300010051.a_Ga0133939_1017435	Eukaryota;TSAR;Alveolata;Ciliophora;Phyllopharyngea;Suctoria;Tokophryidae;Tokophrya
IMG_3300010412.a_Ga0136852_10018684	Eukaryota;Obazoa;Opisthokonta;Metazoa;Arthropoda;Crustacea;Maxillopoda;Acartia
IMG_3300011931.a_Ga0120814_10184	Eukaryota;Obazoa;Opisthokonta;Fungi;Ascomycota;Pezizomycotina;Eurotiomycetes;Aspergillus
IMG_3300012056.a_Ga0153925_1000003	Eukaryota;Obazoa;Opisthokonta;Fungi;Basidiomycota;Agaricomycotina;Agaricomycetes;Agaricomycetes_X
IMG_3300012112.a_Ga0154004_1001478	Eukaryota;TSAR;Alveolata;Apicomplexa;Gregarinomorphea;Neogregarinorida;Actinocephalidae;Hyplorynchus
IMG_3300012136.a_Ga0153985_1001279	Eukaryota;TSAR;Alveolata;Apicomplexa;Gregarinomorphea;Neogregarinorida;Actinocephalidae;Mattesia
IMG_3300012196.a_Ga0121041_100373	Eukaryota;Obazoa;Opisthokonta;Fungi;Ascomycota;Saccharomycotina;Saccharomycetales;Candida
IMG_3300012532.a_Ga0137373_10016519	Eukaryota;Obazoa;Opisthokonta;Fungi;Ascomycota;Pezizomycotina;Leotiomycetes;Leohumicola
IMG_3300012847.a_Ga0160445_101274	Eukaryota;Obazoa;Opisthokonta;Fungi;Ascomycota;Pezizomycotina;Sordariomycetes;Isaria
IMG_3300012973.a_Ga0123351_1002894	Eukaryota;Amoebozoa;Tubulinea;Tubulinea_X;Elardia;Euamoebida;LOS7N/I-lineage;Ptolemeba
IMG_3300013105.a_Ga0157369_10012330	Eukaryota;Amoebozoa;Tubulinea;Tubulinea_X;Elardia;Euamoebida;LOS7N/I-lineage;LOS7N/I-lineage_X
IMG_3300014695.a_Ga0121387_100589	Eukaryota;Obazoa;Opisthokonta;Fungi;Basidiomycota;Agaricomycotina;Tremellomycetes;Trichosporon
IMG_3300014857.a_Ga0134330_10008	Eukaryota;Obazoa;Opisthokonta;Metazoa;Craniata;Craniata_X;Mammalia;Mammalia_X
IMG_3300015076.a_Ga0167656_1000082_1	Eukaryota;Obazoa;Opisthokonta;Fungi;Ascomycota;Pezizomycotina;Leotiomycetes;Hyaloscypha
IMG_3300015360.a_Ga0163144_10016749	Eukaryota;Amoebozoa;Discosea;Discosea_X;Stygamoebida;Stygamoebida_X;Stygamoebida_XX;Stygamoebida_XXX
IMG_3300015360.a_Ga0163144_10052453	Eukaryota;Excavata;Discoba;Discoba_X;Heterolobosea;Tetramitia_I;Neovahlkampfiidae;Neovahlkampfia
IMG_3300016472.a_Ga0186769_100590	Eukaryota;Obazoa;Opisthokonta;Metazoa;Arthropoda;Crustacea;Branchiopoda;Simocephalus
IMG_3300016763.a_Ga0186061_10010	Eukaryota;Obazoa;Opisthokonta;Fungi;Ascomycota;Saccharomycotina;Saccharomycetales;Debaryomyces
IMG_3300016826.a_Ga0186699_100044	Eukaryota;TSAR;Stramenopiles;Gyrista;Mediophyceae;Thalassiosirales;Skeletonemaceae;Skeletonema
IMG_3300017902.a_Ga0190539_1007098	Eukaryota;Obazoa;Opisthokonta;Metazoa;Arthropoda;Crustacea;Maxillopoda;Maxillopoda_X
IMG_3300018573.a_Ga0193572_100053	Eukaryota;TSAR;Alveolata;Ciliophora;Armophorea;Armophorea_X;ARMOP1;ARMOP1_X
IMG_3300020048.a_Ga0207193_1023394	Eukaryota;Excavata;Discoba;Discoba_X;Heterolobosea;Tetramitia_VI;Psalteriomonadidae;Sawyeria
IMG_3300020057.a_Ga0163151_10010593	Eukaryota;TSAR;Alveolata;Ciliophora;Phyllopharyngea;Suctoria;Tokophryidae;Tokophrya
IMG_3300020122.a_Ga0210602_10880081	Eukaryota;TSAR;Alveolata;Apicomplexa;Gregarinomorphea;Neogregarinorida;Actinocephalidae;Monocystis
IMG_3300020140.a_Ga0179590_1000095	Eukaryota;Obazoa;Opisthokonta;Fungi;Basidiomycota;Agaricomycotina;Agaricomycetes;Russula
IMG_3300020165.a_Ga0206125_10009869	Eukaryota;TSAR;Alveolata;Dinoflagellata;Syndiniales;Dino-Group-II;Dino-Group-II-Clade-6;Dino-Group-II-Clade-6_X
IMG_3300020165.a_Ga0206125_10009900	Eukaryota;TSAR;Alveolata;Dinoflagellata;Syndiniales;Dino-Group-II;Dino-Group-II-Clade-10-and-11;Dino-Group-II-Clade-10-and-11_X
IMG_3300020235.a_Ga0212228_1084347	Eukaryota;TSAR;Rhizaria;Cercozoa;Endomyxa-Ascetosporea;Paradinida;Paradinidae;Paradinium
IMG_3300021055.a_Ga0206226_1000113	Eukaryota;Obazoa;Opisthokonta;Metazoa;Gastrotricha;Gastrotricha_X;Gastrotricha_XX;Chaetonotus
IMG_3300021164.a_Ga0216247_110295	Eukaryota;Obazoa;Opisthokonta;Metazoa;Arthropoda;Crustacea;Maxillopoda;Eudiaptomus
IMG_3300021373.a_Ga0213865_10006442	Eukaryota;Obazoa;Opisthokonta;Metazoa;Arthropoda;Crustacea;Maxillopoda;Anomalocera
IMG_3300022205.a_Ga0224511_10010570	Eukaryota;TSAR;Alveolata;Ciliophora;Phyllopharyngea;Suctoria;Acinetidae_2;Acineta_1
IMG_3300022221.a_Ga0224506_10009671	Eukaryota;TSAR;Rhizaria;Cercozoa;Filosa-Thecofilosea;Cryomonadida;Protaspa-lineage;Protaspa-lineage_X
IMG_3300022308.a_Ga0224504_10003682	Eukaryota;Obazoa;Opisthokonta;Metazoa;Nematoda;Chromadorea;Chromadorea_X;Sabatieria
IMG_3300022777.a_Ga0255014_1006335	Eukaryota;Archaeplastida;Streptophyta;Streptophyta_X;Streptophyta_XX;Streptophyta_XXX;Streptophyta_XXXX;Streptophyta_XXXXX
IMG_3300023173.a_Ga0255776_10017637	Eukaryota;TSAR;Alveolata;Dinoflagellata;Syndiniales;Dino-Group-I;Dino-Group-I-Clade-1;Dino-Group-I-Clade-1_X
IMG_3300024233.a_Ga0224521_1000808_1	Eukaryota;Obazoa;Opisthokonta;Fungi;Ascomycota;Pezizomycotina;Leotiomycetes;Tetrachaetum
IMG_3300024433.a_Ga0209986_10003572	Eukaryota;Archaeplastida;Chlorophyta;Chlorophyta_X;Trebouxiophyceae;Chlorellales;Chlorellales_X;Chloroparva
IMG_3300025232.a_Ga0208571_1001501	Eukaryota;TSAR;Rhizaria;Radiolaria;Polycystinea;Nassellaria;Collophidiidae;Collophidium
IMG_3300025691.a_Ga0208826_1005466	Eukaryota;Obazoa;Opisthokonta;Fungi;Rozellomycota;Rozellomycota_X;Rozellomycota_XX;Rozellomycota_XXX
IMG_3300025822.a_Ga0209714_1003612	Eukaryota;TSAR;Alveolata;Dinoflagellata;Syndiniales;Dino-Group-II;Dino-Group-II-Clade-1;Dino-Group-II-Clade-1_X
IMG_3300027075.a_Ga0214467_1000466	Eukaryota;Obazoa;Opisthokonta;Fungi;Ascomycota;Pezizomycotina;Sordariomycetes;Lecanicillium
IMG_3300027126.a_Ga0255098_1000864	Eukaryota;TSAR;Alveolata;Perkinsea;Perkinsida;Perkinsida_X;Perkinsida_XX;Perkinsida_XXX
IMG_3300027226.a_Ga0208309_1000123	Eukaryota;Obazoa;Opisthokonta;Metazoa;Cnidaria;Cnidaria_X;Scyphozoa;Chrysaora
IMG_3300027293.a_Ga0255132_1001404	Eukaryota;Obazoa;Opisthokonta;Choanoflagellata;Choanoflagellatea;Craspedida;Salpingoecidae_Group_C1;Salpingoecidae_Group_C1_X
IMG_3300027628.a_Ga0209463_1002835	Eukaryota;Obazoa;Opisthokonta;Metazoa;Arthropoda;Chelicerata;Arachnida;Diptilomiopus
IMG_3300027732.a_Ga0209442_1002515_1	Eukaryota;Archaeplastida;Chlorophyta;Chlorophyta_X;Chlorophyceae;Chlamydomonadales;Chlamydomonadales_X;Spermatozopsis
IMG_3300027771.a_Ga0209279_10004455	Eukaryota;TSAR;Alveolata;Dinoflagellata;Dinophyceae;Dinophyceae_X;Dinophyceae_XX;Dinophyceae_XXX
IMG_3300027781.a_Ga0209175_10002403	Eukaryota;TSAR;Alveolata;Ciliophora;Phyllopharyngea;Suctoria;Suctoria_X;Suctoria_XX
IMG_3300027789.a_Ga0209174_10007042	Eukaryota;TSAR;Stramenopiles;Bigyra;Sagenista;Labyrinthulomycetes;Diplophrydaceae;Diplophrys
IMG_3300027833.a_Ga0209092_10010845	Eukaryota;TSAR;Alveolata;Dinoflagellata;Syndiniales;Dino-Group-I;Dino-Group-I-Clade-5;Dino-Group-I-Clade-5_X
IMG_3300028029.a_Ga0256845_1003148	Eukaryota;TSAR;Rhizaria;Cercozoa;Endomyxa;Endomyxa_X;Endomyxa_XX;Endo5-lineage_XXX
IMG_3300028135.a_Ga0228606_1001396	Eukaryota;TSAR;Alveolata;Dinoflagellata;Syndiniales;Dino-Group-II;Dino-Group-II-Clade-3;Dino-Group-II-Clade-3_X
IMG_3300028664.a_Ga0302164_10001493	Eukaryota;Obazoa;Opisthokonta;Metazoa;Arthropoda;Hexapoda;Insecta;Mayetiola
IMG_3300028666.a_Ga0265336_10001627	Eukaryota;Archaeplastida;Streptophyta;Streptophyta_X;Embryophyceae;Embryophyceae_X;Embryophyceae_XX;Oryza
IMG_3300028804.a_Ga0268298_10009312_1	Eukaryota;TSAR;Alveolata;Ciliophora;Phyllopharyngea;Suctoria;Evaginogenida;Evaginogenida_X
IMG_3300029314.a_Ga0239302_102520	Eukaryota;TSAR;Alveolata;Ciliophora;Oligohymenophorea;Peritrichia_2;OLIGO2;OLIGO2_X
IMG_3300029895.a_Ga0247043_1002148_1	Eukaryota;Obazoa;Opisthokonta;Fungi;Ascomycota;Pezizomycotina;Eurotiomycetes;Cladophialophora
IMG_3300029907.a_Ga0311329_10016923	Eukaryota;TSAR;Alveolata;Apicomplexa;Gregarinomorphea;Eugregarinorida;Gregarinidae;Gregarina3
IMG_3300029923.a_Ga0311347_10016086	Eukaryota;Excavata_dummy;Metamonada_dummy;Fornicata_dummy;Fornicata_X_dummy;Diplomonadida_dummy;Hexamitidae_dummy;Hexamita_dummy
IMG_3300029986.a_Ga0302188_10006233	Eukaryota;Excavata_dummy;Metamonada_dummy;Fornicata_dummy;Fornicata_X_dummy;Diplomonadida_dummy;Hexamitidae_dummy;Trimitus_dummy
IMG_3300030000.a_Ga0311337_10005795	Eukaryota;Obazoa;Opisthokonta;Metazoa;Arthropoda;Chelicerata;Arachnida;Surapoda
IMG_3300030019.a_Ga0311348_10008095_1	Eukaryota;TSAR;Rhizaria;Cercozoa;Filosa-Sarcomonadea;Glissomonadida;Sandonidae;Flectomonas
IMG_3300030498.a_Ga0268247_10001266	Eukaryota;Obazoa;Opisthokonta;Metazoa;Arthropoda;Chelicerata;Arachnida;Aculops
IMG_3300030746.a_Ga0302312_10002593	Eukaryota;Obazoa;Opisthokonta;Fungi;Zoopagomycota;Zoopagomycota_X;Zoopagomycota_XX;Zoopagomycota_XXX
IMG_3300031235.a_Ga0265330_10001652_1	Eukaryota;Obazoa;Opisthokonta;Fungi;Ascomycota;Pezizomycotina;Leotiomycetes;Hyphodiscus
IMG_3300031261.a_Ga0302140_10015449	Eukaryota;TSAR;Alveolata;Ciliophora;Phyllopharyngea;Suctoria;Tokophryidae;Tokophrya
IMG_3300031449.a_Ga0272429_1013531	Eukaryota;Obazoa;Opisthokonta;Fungi;Ascomycota;Pezizomycotina;Lecanoromycetes;Bellemerea
IMG_3300031449.a_Ga0272429_1024713	Eukaryota;Obazoa;Opisthokonta;Fungi;Ascomycota;Pezizomycotina;Leotiomycetes;Neofabraea
IMG_3300031470.a_Ga0272432_1006263_1	Eukaryota;Obazoa;Opisthokonta;Fungi;Ascomycota;Pezizomycotina;Lecanoromycetes;Lecidea
IMG_3300031471.a_Ga0272439_1007397	Eukaryota;Obazoa;Opisthokonta;Fungi;Ascomycota;Pezizomycotina;Lecanoromycetes;Tuckermannopsis
IMG_3300031520.a_Ga0272428_1004612_1	Eukaryota;Obazoa;Opisthokonta;Fungi;Ascomycota;Pezizomycotina;Lecanoromycetes;Psora
IMG_3300031608.a_Ga0307999_1001226	Eukaryota;Obazoa;Opisthokonta;Metazoa;Cnidaria;Cnidaria_X;Anthozoa;Anthoptilum
IMG_3300031675.a_Ga0302122_10006418	Eukaryota;TSAR;Alveolata;Dinoflagellata;Syndiniales;Dino-Group-I;Dino-Group-I-Clade-5;Dino-Group-I-Clade-5_X
IMG_3300031715.a_Ga0307476_10002400	Eukaryota;Obazoa;Opisthokonta;Fungi;Ascomycota;Pezizomycotina;Sordariomycetes;Tectonidula
IMG_3300031886.a_Ga0315318_10003331	Eukaryota;TSAR;Alveolata;Dinoflagellata;Syndiniales;Dino-Group-II;Dino-Group-II-Clade-14;Dino-Group-II-Clade-14_X
IMG_3300031954.a_Ga0306926_10018294	Eukaryota;Obazoa;Opisthokonta;Fungi;Ascomycota;Pezizomycotina;Sordariomycetes;Chaetomium
IMG_3300032011.a_Ga0315316_10011588	Eukaryota;TSAR;Alveolata;Dinoflagellata;Syndiniales;Dino-Group-I;Dino-Group-I-Clade-4;Dino-Group-I-Clade-4_X
IMG_3300032162.a_Ga0272424_1008799	Eukaryota;Obazoa;Opisthokonta;Fungi;Ascomycota;Pezizomycotina;Sordariomycetes;Colletotrichum
IMG_3300032277.a_Ga0316202_10001157	Eukaryota;TSAR_dummy;Rhizaria_dummy;Foraminifera_dummy;Monothalamids_dummy;Monothalamids_X_dummy;Monothalamids_XX_dummy;Astrorhiza_dummy
IMG_3300032456.a_Ga0335394_10019326	Eukaryota;Obazoa;Opisthokonta;Fungi;Rozellomycota;Rozellomycota_X;Rozellomycota_XX;Rozellomycota_XXX
IMG_3300032782.a_Ga0335082_10009011	Eukaryota;Obazoa;Opisthokonta;Fungi;Ascomycota;Pezizomycotina;Sordariomycetes;Spadicoides
IMG_3300032820.a_Ga0310342_100009076	Eukaryota;TSAR;Rhizaria;Radiolaria;Polycystinea;Nassellaria;Sphaerozoidae;Sphaerozoum
IMG_3300032829.a_Ga0335070_10006423	Eukaryota;Obazoa;Opisthokonta;Fungi;Basidiomycota;Ustilaginomycotina;Ustilaginomycetes;Ustanciosporium
IMG_3300032829.a_Ga0335070_10007802_1	Eukaryota;Obazoa;Opisthokonta;Fungi;Ascomycota;Pezizomycotina;Eurotiomycetes;Phialophora
IMG_3300032829.a_Ga0335070_10046457	Eukaryota;Obazoa;Opisthokonta;Fungi;Basidiomycota;Agaricomycotina;Agaricomycetes;Coniophora
IMG_3300032898.a_Ga0335072_10006936	Eukaryota;Obazoa;Opisthokonta;Fungi;Ascomycota;Pezizomycotina;Dothideomycetes;Massaria
IMG_3300032955.a_Ga0335076_10005111	Eukaryota;Obazoa;Opisthokonta;Fungi;Ascomycota;Pezizomycotina;Dothideomycetes;Venturia
IMG_3300033415.a_Ga0316607_1001230	Eukaryota;TSAR;Alveolata;Ciliophora;Oligohymenophorea;Peniculia;Parameciidae;Paramecium
IMG_3300033552.a_Ga0326734_1000395	Eukaryota;Obazoa;Opisthokonta;Fungi;Chytridiomycota;Rhizophydiales;Rhizophydiales_X;Rhizophydiales_XX
IMG_3300034064.a_Ga0335001_0008992	Eukaryota;Archaeplastida;Chlorophyta;Chlorophyta_X;Chlorophyceae;Sphaeropleales;Sphaeropleales_X;Ankistrodesmus
IMG_3300034167.a_Ga0335017_0002574	Eukaryota;TSAR;Alveolata;Perkinsea;Perkinsida;Perkinsida_X;Perkinsida_XX;Perkinsida_XXX
IMG_3300034272.a_Ga0335049_0006500_1	Eukaryota;TSAR;Alveolata;Ciliophora;Phyllopharyngea;Suctoria;Suctoria_X;Suctoria_XX
IMG_3300035157.a_Ga0373644_0002153	Eukaryota;Obazoa;Opisthokonta;Metazoa;Arthropoda;Crustacea;Maxillopoda;Centropages
IMG_3300035180.a_Ga0373631_0024398	Eukaryota;Obazoa;Opisthokonta;Metazoa;Platyhelminthes;Turbellaria;Rhabdocoela;Unclassified_Provorticidae
IMG_3300035205.a_Ga0373649_0011024	Eukaryota;TSAR;Alveolata;Dinoflagellata;Syndiniales;Dino-Group-II;Dino-Group-II-Clade-21;Dino-Group-II-Clade-21_X
IMG_3300036762.a_Ga0376078_0008273_1	Eukaryota;TSAR;Alveolata;Ciliophora;Phyllopharyngea;Cyrtophoria_7;Hartmannulidae;Hartmannulidae_X
IMG_3300036772.a_Ga0376650_0006659	Eukaryota;TSAR;Alveolata;Apicomplexa;Gregarinomorphea;Eugregarinorida;Gregarinidae;Leidyana2
IMG_3300036780.a_Ga0376652_0031389	Eukaryota;Obazoa;Opisthokonta;Fungi;Rozellomycota;Rozellomycota_X;Rozellomycota_XX;Rozellomycota_XXX
IMG_3300036782.a_Ga0376654_0005272	Eukaryota;TSAR;Alveolata;Apicomplexa;Gregarinomorphea;Eugregarinorida;Gregarinidae;Leidyana1
IMG_3300036936.a_Ga0392314_0000355	Eukaryota;TSAR;Stramenopiles;Bigyra;Sagenista;Labyrinthulomycetes;Labyrinthulaceae;Labyrinthula
IMG_3300037311.a_Ga0394881_0012179	Eukaryota;Amoebozoa;Tubulinea;Tubulinea_X;Elardia;Arcellinida;Difflugina;Bullinularia
IMG_3300037311.a_Ga0394881_0025294	Eukaryota;TSAR;Alveolata;Ciliophora;Phyllopharyngea;Cyrtophoria_8;Dysteriidae;Trochilia
IMG_3300037408.a_Ga0392393_0014182	Eukaryota;TSAR;Alveolata;Apicomplexa;Gregarinomorphea;Neogregarinorida;Actinocephalidae;Monocystis
IMG_3300037418.a_Ga0395900_0017261_1	Eukaryota;Obazoa;Opisthokonta;Fungi;Blastocladiomycota;Blastocladiomycotina;Blastocladiomycetes;Coelomomyces
IMG_3300037431.a_Ga0400322_000219	Eukaryota;Obazoa;Opisthokonta;Fungi;Ascomycota;Saccharomycotina;Saccharomycotina_X;Pycnora
IMG_3300037541.a_Ga0335043_0016219	Eukaryota;TSAR;Alveolata;Dinoflagellata;Dinophyceae;Gonyaulacales;Ceratiaceae;Ceratium
IMG_3300037604.a_Ga0394809_001694	Eukaryota;TSAR;Alveolata;Ciliophora;Phyllopharyngea;Suctoria;Acinetidae_2;Acineta_1
IMG_3300037837.a_Ga0427890_001385	Eukaryota;Obazoa;Opisthokonta;Metazoa;Arthropoda;Crustacea;Maxillopoda;Paracalanus
IMG_3300038328.a_Ga0427886_001045	Eukaryota;Obazoa;Opisthokonta;Metazoa;Arthropoda;Crustacea;Maxillopoda;Metridia
IMG_3300038619.a_Ga0427940_0017250	Eukaryota;Excavata;Discoba;Euglenozoa;Euglenida;Aphagea;Distigmidae;Distigma
IMG_3300038696.a_Ga0400669_005292	Eukaryota;TSAR;Stramenopiles;Bigyra;Bicoecea;Anoecales;Cafeteriaceae;Cafeteria
IMG_3300041964.a_Ga0456421_38830	Eukaryota;Obazoa;Opisthokonta;Fungi;Ascomycota;Pezizomycotina;Dothideomycetes;Corynespora
IMG_3300042110.a_Ga0451514_0004349	Eukaryota;TSAR;Alveolata;Perkinsea;Perkinsida;Perkinsida_X;Perkinsida_XX;Perkinsida_XXX
IMG_3300042199.a_Ga0451521_0005052	Eukaryota;Obazoa;Opisthokonta;Metazoa;Arthropoda;Hexapoda;Insecta;Culiseta
IMG_3300042289.a_Ga0453148_0016262	Eukaryota;Obazoa;Opisthokonta;Fungi;Fungi_X;Fungi_XX;Fungi_XXX;Fungi_XXXX
IMG_3300042309.a_Ga0453170_0005525_1	Eukaryota;TSAR;Stramenopiles;Bigyra;Bicoecea;Bicoecales;Bicoecaceae;Bicoecaceae_X
IMG_3300042508.a_Ga0453194_0021307	Eukaryota;TSAR;Alveolata;Dinoflagellata;Dinophyceae;Peridiniales;Thoracosphaeraceae;Scrippsiella
IMG_3300042520.a_Ga0453218_0000544_1	Eukaryota;TSAR;Stramenopiles;Bigyra;Opalozoa;Opalinata;Nucleohelea;Actinosphaerium
IMG_3300042527.a_Ga0453937_0005609	Eukaryota;TSAR;Alveolata;Perkinsea;Perkinsida;Perkinsida_X;Perkinsida_XX;Perkinsida_XXX
IMG_3300042743.a_Ga0482262_000265	Eukaryota;TSAR;Alveolata;Perkinsea;Perkinsida;Perkinsida_X;Perkinsida_XX;Perkinsida_XXX
IMG_3300043214.a_Ga0484903_000428	Eukaryota;TSAR_dummy;Rhizaria_dummy;Foraminifera_dummy;Globothalamea_dummy;Textulariida_dummy;Reophacidae_dummy;Reophax_dummy
IMG_3300043438.a_Ga0453121_0008678	Eukaryota;Amoebozoa;Evosea;Evosea_X;Variosea;Flamellidae;Flamella-lineage;Flamella
IMG_3300044652.a_Ga0466945_0003465	Eukaryota;Obazoa;Opisthokonta;Metazoa;Arthropoda;Chelicerata;Arachnida;Spinibdella
IMG_3300044683.a_Ga0466965_0004513	Eukaryota;TSAR;Alveolata;Apicomplexa;Gregarinomorphea;Neogregarinorida;Stylocephalidae;Xiphocephalus
IMG_3300044699.a_Ga0418691_28390_1	Eukaryota;Obazoa;Opisthokonta;Metazoa;Nematoda;Enoplea;Enoplea_X;Alaimus
IMG_3300044710.a_Ga0454596_0007311	Eukaryota;Obazoa;Opisthokonta;Fungi;Rozellomycota;Rozellomycota_X;Rozellomycota_XX;Rozellomycota_XXX
IMG_3300044930.a_Ga0485486_02561	Eukaryota;Obazoa;Opisthokonta;Fungi;Basidiomycota;Agaricomycotina;Tremellomycetes;Tremellomycetes_X
IMG_3300044984.a_Ga0485158_0012007	Eukaryota;Excavata_dummy;Metamonada_dummy;Fornicata_dummy;Fornicata_X_dummy;Diplomonadida_dummy;Hexamitidae_dummy;Trepomonas_dummy
IMG_3300045049.a_Ga0466959_0008631	Eukaryota;Obazoa;Opisthokonta;Metazoa;Nematoda;Chromadorea;Chromadorea_X;Heterodera
IMG_3300045747.a_Ga0485825_0012721	Eukaryota;TSAR;Alveolata;Dinoflagellata;Dinophyceae;Peridiniales;Thoracosphaeraceae;Pentapharsodinium
IMG_3300045825.a_Ga0485827_0006151	Eukaryota;TSAR;Alveolata;Ciliophora;Oligohymenophorea;Peritrichia_2;Sessilida;Campanella
IMG_3300045970.a_Ga0485187_0008803	Eukaryota;TSAR;Alveolata;Ciliophora;Oligohymenophorea;Peritrichia_2;Sessilida;Vorticella
IMG_3300045970.a_Ga0485187_0019378	Eukaryota;TSAR;Alveolata;Perkinsea;Perkinsida;Perkinsida_X;Perkinsida_XX;Perkinsida_XXX
IMG_3300045973.a_Ga0485830_0001185_1	Eukaryota;Excavata;Discoba;Euglenozoa;Euglenida;Euglenophyceae;Euglenaceae;Trachelomonas
IMG_3300045973.a_Ga0485830_0008596	Eukaryota;TSAR;Rhizaria;Cercozoa;Endomyxa;Vampyrellida;Vampyrellidae;Vampyrella
IMG_3300046087.a_Ga0456297_000806	Eukaryota;TSAR;Alveolata;Ciliophora;Phyllopharyngea;Suctoria;Suctoria_X;Suctoria_XX
IMG_3300046459.a_Ga0495629_0011480	Eukaryota;TSAR;Alveolata;Apicomplexa;Gregarinomorphea;Eugregarinorida;Gregarinidae;Leidyana2
IMG_3300046557.a_Ga0495622_0004991	Eukaryota;TSAR;Alveolata;Chrompodellids;Colpodellidea;Colpodellida;Alphamonaceae;Alphamonadea_ALPH1
IMG_3300046679.a_Ga0495623_0008364	Eukaryota;TSAR;Alveolata;Apicomplexa;Gregarinomorphea;Neogregarinorida;Actinocephalidae;Monocystis
IMG_3300047168.a_Ga0495330_0014297_1	Eukaryota;Obazoa;Opisthokonta;Fungi;Ascomycota;Pezizomycotina;Leotiomycetes;Articulospora
IMG_3300047327.a_Ga0495324_020611	Eukaryota;Obazoa;Opisthokonta;Metazoa;Arthropoda;Chelicerata;Arachnida;Parhypochthonius
IMG_3300047462.a_Ga0495311_0025162_1	Eukaryota;TSAR;Rhizaria;Cercozoa;Filosa-Sarcomonadea;Glissomonadida;Sandonidae;Sandona
IMG_3300047495.a_Ga0495329_0001871_1	Eukaryota;Obazoa;Opisthokonta;Fungi;Ascomycota;Pezizomycotina;Sordariomycetes;Podospora
IMG_3300047499.a_Ga0495335_0015177	Eukaryota;Obazoa;Opisthokonta;Fungi;Rozellomycota;Rozellomycota_X;Rozellomycota_XX;Rozellomycota_XXX
IMG_3300047499.a_Ga0495335_0027357	Eukaryota;Excavata;Discoba;Discoba_X;Heterolobosea;Tetramitia_I;Tetramitia_I_X;Tetramitia_I_XX
IMG_3300047508.a_Ga0467018_0003169	Eukaryota;Obazoa;Opisthokonta;Fungi;Ascomycota;Pezizomycotina;Sordariomycetes;Trichocladium
IMG_3300047564.a_Ga0485299_0006898	Eukaryota;TSAR;Alveolata;Perkinsea;Perkinsida;Perkinsida_X;Perkinsida_XX;Perkinsida_XXX
IMG_3300047994.a_Ga0495314_0019067_1	Eukaryota;TSAR;Rhizaria;Cercozoa;Filosa-Sarcomonadea;Glissomonadida;Allapsidae;Group-Te
IMG_3300048562.a_Ga0496020_004857	Eukaryota;Obazoa;Opisthokonta;Fungi;Ascomycota;Pezizomycotina;Dothideomycetes;Phaeosphaeria
IMG_3300048577.a_Ga0498944_015436	Eukaryota;Amoebozoa;Evosea;Evosea_X;Archamoebea;Pelobiontida;Pelobiontida_X;Mastigella
IMG_3300048583.a_Ga0498911_0011403	Eukaryota;Obazoa;Opisthokonta;Fungi;Aphelidiomycota;Aphelidiales;Aphelidiaceae;Aphelidium
IMG_3300048584.a_Ga0498912_0005697_1	Eukaryota;Archaeplastida;Chlorophyta;Chlorophyta_X;Trebouxiophyceae;Trebouxiophyceae_X;Trebouxiophyceae_XX;Botryococcus
IMG_3300048588.a_Ga0498926_0029080	Eukaryota;Excavata;Discoba;Euglenozoa;Kinetoplastea;Kinetoplastea_X;Kinetoplastea_XX;Kinetoplastea_XX_MET3
IMG_3300048589.a_Ga0498927_0037528	Eukaryota;Obazoa;Opisthokonta;Fungi;Opisthosporidia;Microsporida;Microsporida_X;Paramicrosporidium
IMG_3300048861.a_Ga0496071_0006517	Eukaryota;Amoebozoa;Discosea;Discosea_X;Centramoebia;Acanthopodida;Acanthamoebidae;Acanthamoeba
IMG_3300048861.a_Ga0496071_0007426	Eukaryota;Obazoa;Opisthokonta;Fungi;Ascomycota;Saccharomycotina;Lipomycetaceae;Lipomyces
IMG_3300049218.a_Ga0495317_0021151	Eukaryota;Obazoa;Opisthokonta;Fungi;Rozellomycota;Rozellomycota_X;Rozellomycota_XX;Rozellomycota_XXX
IMG_3300049617.a_Ga0495320_0023418	Eukaryota;Obazoa;Opisthokonta;Fungi;Ascomycota;Pezizomycotina;Leotiomycetes;Articulospora
REF_BRK_c-100_conseq_Otu1004_9_freshwater_Erken-sed_Eukaryota_Amoebozoa_Supergroup	Eukaryota;Amoebozoa;Evosea;Evosea_X;Archamoebea;Pelobiontida;Pelobiontida_X;Mastigella
REF_BRK_c-1023_conseq_Otu1221_5_freshwater_Erken-sed_Eukaryota_Amoebozoa_Evosea_Evosea_X_Variosea_Flamellidae_Flamella-lineage_Flamella_Genus	Eukaryota;Amoebozoa;Evosea;Evosea_X;Variosea;Flamellidae;Flamella-lineage;Flamella
REF_BRK_c-1025_conseq_Otu0437_25_deep_Ms1-bat_Eukaryota_Excavata_Discoba_Discoba_X_Euglenozoa_Kinetoplastida_Neobodonidae_Neobodonid_X_Neobodonid_X_sp_Species	Eukaryota;Excavata;Discoba;Euglenozoa;Kinetoplastea;Neobodonida;Neobodonidae;Neobodo
REF_BRK_c-1034_conseq_Otu1358_3_freshwater_Skogaryd-fw_Eukaryota_TSAR_Supergroup	Eukaryota;TSAR;Rhizaria;Cercozoa;Cercozoa_X;Cercozoa_XX;Cercozoa_XXX;Cercozoa_XXXX
REF_BRK_c-1037_conseq_Otu0725_17_freshwater_Erken-sed_Eukaryota_TSAR_Rhizaria_Cercozoa_Subdivision	Eukaryota;TSAR;Rhizaria;Cercozoa;Filosa-Sarcomonadea;Cercomonadida;Cercomonadidae;Cercomonadidae_X
REF_BRK_c-1049_conseq_Otu0885_18_soil_PuertoRico_Eukaryota_TSAR_Rhizaria_Cercozoa_Filosa-Sarcomonadea_Cercomonadida_Paracercomonadidae_Family	Eukaryota;TSAR;Rhizaria;Cercozoa;Filosa-Sarcomonadea;Cercomonadida;Paracercomonadidae;Paracercomonas
REF_BRK_c-1066_conseq_Otu0807_21_soil_PuertoRico_Eukaryota_Amoebozoa_Tubulinea_Tubulinea_X_Elardia_Euamoebida_Order	Eukaryota;Amoebozoa;Tubulinea;Tubulinea_X;Elardia;Euamoebida;Hartmannellidae;Copromyxa
REF_BRK_c-108_conseq_Otu334_4_freshwater_Svartberget-fw_Eukaryota_Excavata_Discoba_Discoba_X_Euglenozoa_Kinetoplastida_Eubodonidae_Bodo_Bodo_saltans_Species	Eukaryota;Excavata;Discoba;Euglenozoa;Kinetoplastea;Kinetoplastea_X;Kinetoplastea_XX;Kinetoplastea_XX_MET10
REF_BRK_c-1103_conseq_Otu0294_30_freshwater_permafrost_Eukaryota_Obazoa_Opisthokonta_Metazoa_Gastrotricha_Gastrotricha_X_Gastrotricha_XX_Heterolepidoderma_Heterolepidoderma_acidophilum_Species	Eukaryota;Obazoa;Opisthokonta;Metazoa;Gastrotricha;Gastrotricha_X;Gastrotricha_XX;Chaetonotus
REF_BRK_c-1108_conseq_Otu0482_19_soil_Sweden_Eukaryota_Excavata_Discoba_Discoba_X_Euglenozoa_Kinetoplastida_Eubodonidae_Bodo_Genus	Eukaryota;Excavata;Discoba;Euglenozoa;Kinetoplastea;Eubodonida;Bodonidae;Bodo
REF_BRK_c-1118_conseq_Otu1070_3_soil_Sweden_Eukaryota_Amoebozoa_Discosea_Discosea_X_Centramoebia_Acanthopodida_Acanthamoebidae_Acanthamoebidae_X_Genus	Eukaryota;Amoebozoa;Discosea;Discosea_X;Centramoebia;Acanthopodida;Acanthamoebidae;Acanthamoebidae_X
REF_BRK_c-1158_conseq_Otu1242_8_soil_PuertoRico_Eukaryota_Amoebozoa_Evosea_Evosea_X_Variosea_Variosea_X_Order	Eukaryota;Amoebozoa;Evosea;Evosea_X;Variosea;Variosea_X;Mb5C-lineage;Mb5C-lineage_X
REF_BRK_c-1160_conseq_Otu0565_38_soil_PuertoRico_Eukaryota_Excavata_Discoba_Discoba_X_Euglenozoa_Kinetoplastida_Neobodonidae_Rhynchobodo_Rhynchobodo_sp_Species	Eukaryota;Excavata;Discoba;Euglenozoa;Kinetoplastea;Kinetoplastea_X;Kinetoplastea_XX;Kinetoplastea_XXX
REF_BRK_c-1195_conseq_Otu0283_103_soil_PuertoRico_Eukaryota_Obazoa_Opisthokonta_Fungi_Subdivision	Eukaryota;Obazoa;Opisthokonta;Fungi;Mucoromycota;Mucoromycotina;Mucoromycotina_X;Mucoromycotina_XX
REF_BRK_c-1204_conseq_Otu461_6_soil_Skogaryd-peat_Eukaryota_Amoebozoa_Discosea_Discosea_X_Centramoebia_Pellitida_Endostelium-lineage_Endostelium_Genus	Eukaryota;Amoebozoa;Discosea;Discosea_X;Centramoebia;Pellitida;Endostelium-lineage;Endostelium
REF_BRK_c-1208_conseq_Otu0267_60_soil_Sweden_Eukaryota_Excavata_Discoba_Discoba_X_Euglenozoa_Heteronematina_Heteronematina_X_Family	Eukaryota;Excavata;Discoba;Euglenozoa;Euglenida;Petalomonadida;Scytomonadidae;Scytomonas
REF_BRK_c-121_conseq_Otu514_4_soil_Skogaryd-peat_Eukaryota_Obazoa_Opisthokonta_Metazoa_Nematoda_Class	Eukaryota;Obazoa;Opisthokonta;Metazoa;Nematoda;Chromadorea;Chromadorea_X;Chromadorea_XX
REF_BRK_c-1235_conseq_Otu0749_25_soil_PuertoRico_Eukaryota_Amoebozoa_Tubulinea_Tubulinea_X_Elardia_Arcellinida_Phryganellina_Cryptodifflugia_Genus	Eukaryota;Amoebozoa;Tubulinea;Tubulinea_X;Elardia;Arcellinida;Phryganellina;Phryganella
REF_BRK_c-1250_conseq_Otu0918_4_freshwater_permafrost_Eukaryota_Obazoa_Opisthokonta_Metazoa_Gastrotricha_Gastrotricha_X_Gastrotricha_XX_Heterolepidoderma_Heterolepidoderma_acidophilum_Species	Eukaryota;Obazoa;Opisthokonta;Metazoa;Gastrotricha;Gastrotricha_X;Gastrotricha_XX;Chaetonotus
REF_BRK_c-1290_conseq_Otu0675_9_soil_Sweden_Eukaryota_TSAR_Stramenopiles_Bigyra_Sagenista_Labyrinthulomycetes_Amphitremida_Family	Eukaryota;TSAR;Stramenopiles;Bigyra;Sagenista;Labyrinthulomycetes;Amphitraemidae;Amphitrema
REF_BRK_c-1304_conseq_Otu0453_53_soil_PuertoRico_Eukaryota_Excavata_Discoba_Discoba_X_Heterolobosea_Heterolobosea_X_Heterolobosea_XX_Heterolobosea_XXX_Heterolobosea_XXX_sp_Species	Eukaryota;Excavata;Discoba;Discoba_X;Heterolobosea;Tetramitia_I;Neovahlkampfiidae;Neovahlkampfia
REF_BRK_c-1343_conseq_Otu296_17_soil_Skogaryd-peat_Eukaryota_Domain	Eukaryota;Amoebozoa;Evosea;Evosea_X;Variosea;Fractovitellida;Schizoplasmodiidae;Ceratiomyxella
REF_BRK_c-135_conseq_Otu0919_11_freshwater_Erken-sed_Eukaryota_Obazoa_Opisthokonta_Metazoa_Gastrotricha_Gastrotricha_X_Gastrotricha_XX_Family	Eukaryota;Obazoa;Opisthokonta;Metazoa;Gastrotricha;Gastrotricha_X;Gastrotricha_XX;Chaetonotus
REF_BRK_c-1360_conseq_Otu0362_36_soil_Sweden_Eukaryota_TSAR_Rhizaria_Cercozoa_Filosa-Sarcomonadea_Glissomonadida_Allapsidae_Family	Eukaryota;TSAR;Rhizaria;Cercozoa;Filosa-Sarcomonadea;Glissomonadida;Allapsidae;Allantion
REF_BRK_c-1370_conseq_Otu030_932_soil_Svartberget-peat_Eukaryota_Domain	Eukaryota;Obazoa;Opisthokonta;Fungi;Chytridiomycota;Rhizophydiales;Rhizophydiales_X;Rhizophydiales_XX
REF_BRK_c-13_conseq_Otu1346_3_freshwater_Erken-sed_Eukaryota_Amoebozoa_Evosea_Evosea_X_Archamoebea_Mastigamoebida_Mastigamoebidae_Mastigamoeba_Genus	Eukaryota;Amoebozoa;Evosea;Evosea_X;Archamoebea;Mastigamoebida;Mastigamoebidae;Mastigamoeba
REF_BRK_c-142_conseq_Otu431_7_soil_Skogaryd-peat_Eukaryota_TSAR_Rhizaria_Foraminifera_Monothalamids_Monothalamids_X_Monothalamids_XX_Allogromiina_Allogromiina_sp_Species	Eukaryota;TSAR_dummy;Rhizaria_dummy;Foraminifera_dummy;Monothalamids_dummy;Monothalamids_X_dummy;Monothalamids_XX_dummy;Allogromiina_dummy
REF_BRK_c-1442_conseq_Otu0275_107_soil_PuertoRico_Eukaryota_Obazoa_Opisthokonta_Fungi_Subdivision	Eukaryota;Obazoa;Opisthokonta;Fungi;Neocallimastigomycota;Neocallimastigomycota_X;Neocallimastigomycota_XX;Neocallimastigomycota_XXX
REF_BRK_c-1458_conseq_Otu0697_8_soil_Sweden_Eukaryota_Obazoa_Opisthokonta_Metazoa_Arthropoda_Chelicerata_Arachnida_Family	Eukaryota;Obazoa;Opisthokonta;Metazoa;Arthropoda;Chelicerata;Merostomata;Limulus
REF_BRK_c-145_conseq_Otu199_20_soil_Svartberget-peat_Eukaryota_Excavata_Discoba_Discoba_X_Euglenozoa_Kinetoplastida_Neobodonidae_Family	Eukaryota;Excavata;Discoba;Euglenozoa;Kinetoplastea;Kinetoplastea_X;Kinetoplastea_XX;Kinetoplastea_XXX
REF_BRK_c-1463_conseq_Otu038_424_soil_Skogaryd-peat_Eukaryota_Amoebozoa_Discosea_Discosea_X_Centramoebia_Himatismenida_Parvamoebidae_Parvamoeba_Parvamoeba_sp_Species	Eukaryota;Amoebozoa;Amoebozoa.U.division;Amoebozoa.U.subdivision;Amoebozoa.U.class;Amoebozoa.U.order;Amoebozoa.U.family;Amoebozoa.U.genus
REF_BRK_c-146_conseq_Otu326_6_soil_Svartberget-peat_Eukaryota_Obazoa_Opisthokonta_Metazoa_Gastrotricha_Gastrotricha_X_Gastrotricha_XX_Chaetonotus_Chaetonotus_acanthodes_Species	Eukaryota;Obazoa;Opisthokonta;Metazoa;Gastrotricha;Gastrotricha_X;Gastrotricha_XX;Chaetonotus
REF_BRK_c-1487_conseq_Otu0824_7_freshwater_Skogaryd-fw_Eukaryota_Excavata_Discoba_Discoba_X_Euglenozoa_Kinetoplastida_Neobodonidae_Rhynchomonas_Rhynchomonas_nasuta_Species	Eukaryota;Excavata;Discoba;Euglenozoa;Kinetoplastea;Neobodonida;Rhynchomonadidae;Rhynchomonas
REF_BRK_c-1495_conseq_Otu0512_15_freshwater_Skogaryd-fw_Eukaryota_Eukaryota_X_Hemimastigophora_Hemimastigophora_X_Hemimastigophora_XX_Hemimastigophora_XXX_Spironemidae_Hemimastix_Genus	Eukaryota;Eukaryota_X;Hemimastigophora;Hemimastigophora_X;Hemimastigophora_XX;Hemimastigophora_XXX;Spironemidae;Hemimastix
REF_BRK_c-149_conseq_Otu1503_3_soil_PuertoRico_Eukaryota_Amoebozoa_Discosea_Discosea_X_Centramoebia_Acanthopodida_Acanthamoebidae_Family	Eukaryota;Amoebozoa;Discosea;Discosea_X;Centramoebia;Acanthopodida;Acanthamoebidae;Acanthamoeba
REF_BRK_c-152_conseq_Otu0575_3_surface_WC-sur_Eukaryota_TSAR_Rhizaria_Cercozoa_Filosa-Thecofilosea_Cryomonadida_Order	Eukaryota;TSAR;Rhizaria;Cercozoa;Filosa-Thecofilosea;Cryomonadida;Protaspa-lineage;Protaspa-lineage_X
REF_BRK_c-155_conseq_Otu1266_4_freshwater_Erken-sed_Eukaryota_Amoebozoa_Evosea_Evosea_X_Archamoebea_Mastigamoebida_Mastigamoebidae_Mastigamoeba_Genus	Eukaryota;Amoebozoa;Evosea;Evosea_X;Archamoebea;Mastigamoebida;Mastigamoebidae;Mastigamoeba
REF_BRK_c-1578_conseq_Otu0173_83_freshwater_Erken-fw_Eukaryota_Amoebozoa_Tubulinea_Tubulinea_X_Tubulinea_XX_Tubulinea_XXX_Tubulinea_XXXX_Tubulinea_XXXXX_Tubulinea_XXXXX_sp_Genus	Eukaryota;Amoebozoa;Tubulinea;Tubulinea_X;Tubulinea_XX;Tubulinea_XXX;Tubulinea_XXXX;Tubulinea_XXXXX
REF_BRK_c-157_conseq_Otu0507_4_freshwater_Erken-fw_Eukaryota_Obazoa_Opisthokonta_Choanoflagellata_Choanoflagellatea_Craspedida_Salpingoecidae_Group_C1_Salpingoecidae_Group_C1_X_Salpingoecidae_Group_C1_X_sp_Species	Eukaryota;Obazoa;Opisthokonta;Choanoflagellata;Choanoflagellatea;Craspedida;Salpingoecidae_Group_C1;Salpingoecidae_Group_C1_X
REF_BRK_c-1583_conseq_Otu1345_6_soil_PuertoRico_Eukaryota_Domain	Eukaryota;Amoebozoa;Discosea;Discosea_X;Flabellinia;Vannellida;Vannellidae;Vannella
REF_BRK_c-1596_conseq_Otu0731_17_freshwater_Erken-sed_Eukaryota_TSAR_Rhizaria_Cercozoa_Filosa-Imbricatea_Class	Eukaryota;TSAR;Rhizaria;Cercozoa;Filosa-Imbricatea;Thaumatomonadida;Thaumatomonadidae;Thaumatomonas
REF_BRK_c-163_conseq_Otu1038_9_freshwater_Erken-sed_Eukaryota_Amoebozoa_Evosea_Evosea_X_Archamoebea_Mastigamoebida_Mastigamoebidae_Mastigamoeba_Genus	Eukaryota;Amoebozoa;Evosea;Evosea_X;Archamoebea;Mastigamoebida;Mastigamoebidae;Mastigamoeba
REF_BRK_c-1641_conseq_Otu1333_3_freshwater_Skogaryd-fw_Eukaryota_Domain	Eukaryota;Obazoa;Opisthokonta;Fungi;Fungi_X;Fungi_XX;Fungi_XXX;Fungi_XXXX
REF_BRK_c-1645_conseq_Otu0193_181_soil_PuertoRico_Eukaryota_Obazoa_Opisthokonta_Fungi_Zoopagomycota_Zoopagomycota_X_Zoopagomycota_XX_Family	Eukaryota;Obazoa;Opisthokonta;Fungi;Zoopagomycota;Zoopagomycota_X;Zoopagomycota_XX;Thamnocephalis
REF_BRK_c-1666_conseq_Otu0974_3_soil_Sweden_Eukaryota_Excavata_Discoba_Discoba_X_Euglenozoa_Heteronematina_Heteronematina_X_Family	Eukaryota;Excavata;Discoba;Euglenozoa;Euglenida;Petalomonadida;Scytomonadidae;Notosolenus
REF_BRK_c-1692_conseq_Otu0348_22_freshwater_permafrost_Eukaryota_Excavata_Discoba_Discoba_X_Euglenozoa_Kinetoplastida_Neobodonidae_Neobodo_Neobodo_designis_Species	Eukaryota;Excavata;Discoba;Euglenozoa;Kinetoplastea;Kinetoplastea_X;Kinetoplastea_XX;Kinetoplastea_XX_MET8
REF_BRK_c-169_conseq_Otu0857_13_freshwater_Erken-sed_Eukaryota_Amoebozoa_Evosea_Evosea_X_Archamoebea_Mastigamoebida_Mastigamoebidae_Mastigamoeba_Genus	Eukaryota;Amoebozoa;Evosea;Evosea_X;Archamoebea;Mastigamoebida;Mastigamoebidae;Mastigamoeba
REF_BRK_c-1724_conseq_Otu1034_3_freshwater_permafrost_Eukaryota_Obazoa_Opisthokonta_Fungi_Ascomycota_Pezizomycotina_Eurotiomycetes_Chaetothyriomycetidae_Chaetothyriomycetidae_sp_Species	Eukaryota;Obazoa;Opisthokonta;Fungi;Ascomycota;Pezizomycotina;Eurotiomycetes;Exophiala
REF_BRK_c-1738_conseq_Otu0256_39_freshwater_permafrost_Eukaryota_Obazoa_Opisthokonta_Fungi_Chytridiomycota_Chytridiomycetes_Order	Eukaryota;Obazoa;Opisthokonta;Fungi;Chytridiomycota;Rhizophydiales;Rhizophydiales_X;Rhizophydiales_XX
REF_BRK_c-1769_conseq_Otu0520_43_soil_PuertoRico_Eukaryota_Excavata_Discoba_Discoba_X_Euglenozoa_Heteronematina_Heteronematina_X_Family	Eukaryota;Excavata;Discoba;Euglenozoa;Euglenida;Petalomonadida;Scytomonadidae;Petalomonas
REF_BRK_c-1793_conseq_Otu0217_101_freshwater_Erken-sed_Eukaryota_TSAR_Rhizaria_Cercozoa_Novel-clade-10-12_Novel-clade-12_NC12A-lineage_NC12A-lineage_X_NC12A-lineage_X_sp_Species	Eukaryota;TSAR;Rhizaria;Cercozoa;Novel-clade-10-12;Novel-clade-12;NC12A-lineage;NC12A-lineage_X
REF_BRK_c-1818_conseq_Otu0970_3_soil_Sweden_Eukaryota_Excavata_Discoba_Discoba_X_Euglenozoa_Kinetoplastida_Order	Eukaryota;Excavata;Discoba;Euglenozoa;Kinetoplastea;Kinetoplastea_X;Kinetoplastea_XX;Kinetoplastea_XX_MET10
REF_BRK_c-1827_conseq_Otu0884_12_freshwater_Erken-sed_Eukaryota_Eukaryota_X_Hemimastigophora_Hemimastigophora_X_Hemimastigophora_XX_Hemimastigophora_XXX_Spironemidae_Hemimastix_Genus	Eukaryota;Eukaryota_X;Hemimastigophora;Hemimastigophora_X;Hemimastigophora_XX;Hemimastigophora_XXX;Spironemidae;Hemimastix
REF_BRK_c-1858_conseq_Otu0455_34_freshwater_Erken-sed_Eukaryota_TSAR_Rhizaria_Cercozoa_Novel-clade-10-12_Class	Eukaryota;TSAR;Rhizaria;Cercozoa;Filosa-Sarcomonadea;Cercomonadida;Cercomonadidae;Cavernomonas
REF_BRK_c-1860_conseq_Otu0642_7_freshwater_permafrost_Eukaryota_Obazoa_Opisthokonta_Ichthyosporea_Ichthyophonida_Class	Eukaryota;Obazoa;Opisthokonta;Ichthyosporea;Ichthyophonida;Ichthyophonida_X;Ichthyophonida_XX;Ichthyophonida_XXX
REF_BRK_c-1868_conseq_Otu0933_4_soil_Sweden_Eukaryota_TSAR_Rhizaria_Cercozoa_Filosa-Thecofilosea_Cryomonadida_Rhogostoma-lineage_Rhogostoma-lineage_X_Rhogostoma-lineage_X_sp_Species	Eukaryota;TSAR;Rhizaria;Cercozoa;Filosa-Thecofilosea;Cryomonadida;Rhogostoma-lineage;Rhogostoma-lineage_X
REF_BRK_c-1903_conseq_Otu1481_4_soil_PuertoRico_Eukaryota_Haptista_Centroplasthelida_Centroplasthelida_X_Pterocystida_Raphidista_Choanocystidae_Choanocystis_Choanocystis_sp_Species	Eukaryota;Haptista;Centroplasthelida;Centroplasthelida_X;Pterocystida;Raphidista;Choanocystidae;Choanocystis
REF_BRK_c-1904_conseq_Otu0768_6_soil_Sweden_Eukaryota_TSAR_Rhizaria_Cercozoa_Filosa-Sarcomonadea_Glissomonadida_Order	Eukaryota;TSAR;Rhizaria;Cercozoa;Filosa-Sarcomonadea;Cercomonadida;Cercomonadidae;Neocercomonas
REF_BRK_c-1935_conseq_Otu0426_25_soil_Sweden_Eukaryota_Amoebozoa_Evosea_Evosea_X_Variosea_Class	Eukaryota;Amoebozoa;Evosea;Evosea_X;Variosea;Fractovitellida;Schizoplasmodiidae;Nematostelium
REF_BRK_c-1972_conseq_Otu0635_11_soil_Sweden_Eukaryota_TSAR_Rhizaria_Cercozoa_Filosa-Thecofilosea_Cryomonadida_Rhogostoma-lineage_Rhogostoma-lineage_X_Rhogostoma-lineage_X_sp_Species	Eukaryota;TSAR;Rhizaria;Cercozoa;Filosa-Thecofilosea;Cryomonadida;Rhogostoma-lineage;Rhogostoma-lineage_X
REF_BRK_c-2002_conseq_Otu0878_13_freshwater_Erken-sed_Eukaryota_TSAR_Rhizaria_Cercozoa_Filosa-Thecofilosea_Class	Eukaryota;TSAR;Rhizaria;Cercozoa;Filosa-Thecofilosea;Filosa-Thecofilosea_X;Novel-Clade-4;Novel-Clade-4_X
REF_BRK_c-2005_conseq_Otu0731_5_freshwater_permafrost_Eukaryota_TSAR_Rhizaria_Cercozoa_Filosa-Sarcomonadea_Pansomonadida_Pansomonadida_X_Pansomonadida_XX_Pansomonadida_XX_sp_Species	Eukaryota;TSAR;Rhizaria;Cercozoa;Filosa-Sarcomonadea;Glissomonadida;Sandonidae;Sandona
REF_BRK_c-201_conseq_Otu376_4_soil_Svartberget-peat_Eukaryota_Obazoa_Opisthokonta_Rotosphaerida_Nucleariidea_Nucleariida_Nucleariidae_Nuclearia_2_Nucleariidae_Nuclearia_2_X_Nucleariidae_Nuclearia_2_X_sp_Species	Eukaryota;Obazoa;Opisthokonta;Rotosphaerida;Nucleariidea;Nucleariida;Nucleariidae_Nuclearia_2;Nucleariidae_Nuclearia_2_X
REF_BRK_c-202_conseq_Otu375_10_soil_Skogaryd-peat_Eukaryota_TSAR_Rhizaria_Cercozoa_Filosa-Imbricatea_Euglyphida_Paulinellidae_Paulinella_Paulinella_sp_Species	Eukaryota;TSAR;Rhizaria;Cercozoa;Filosa-Imbricatea;Euglyphida;Paulinellidae;Paulinella
REF_BRK_c-2032_conseq_Otu0697_6_freshwater_permafrost_Eukaryota_Obazoa_Opisthokonta_Fungi_Blastocladiomycota_Blastocladiomycotina_Blastocladiomycetes_Blastocladiella_Blastocladiella_sp_Species	Eukaryota;Obazoa;Opisthokonta;Fungi;Blastocladiomycota;Blastocladiomycotina;Blastocladiomycetes;Blastocladiella
REF_BRK_c-2033_conseq_Otu0986_3_freshwater_permafrost_Eukaryota_TSAR_Rhizaria_Cercozoa_Filosa-Sarcomonadea_Cercomonadida_Paracercomonadidae_Family	Eukaryota;TSAR;Rhizaria;Cercozoa;Filosa-Thecofilosea;Ventricleftida;Ventrifissuridae;Ventrifissura
REF_BRK_c-2035_conseq_Otu1175_10_soil_PuertoRico_Eukaryota_Amoebozoa_Tubulinea_Tubulinea_X_Elardia_Arcellinida_Order	Eukaryota;Amoebozoa;Tubulinea;Tubulinea_X;Elardia;Euamoebida;Nolandellidae;Nolandellidae_X
REF_BRK_c-204_conseq_Otu1039_9_freshwater_Erken-sed_Eukaryota_Amoebozoa_Evosea_Evosea_X_Archamoebea_Mastigamoebida_Mastigamoebidae_Mastigamoeba_Genus	Eukaryota;Amoebozoa;Evosea;Evosea_X;Archamoebea;Mastigamoebida;Mastigamoebidae;Mastigamoeba
REF_BRK_c-208_conseq_Otu457_6_deep_Ms1-mes_Eukaryota_TSAR_Alveolata_Apicomplexa_Coccidiomorphea_Eimeriida_Corallicollids_Corallicollids_X_Corallicollids_X_sp_Species	Eukaryota;TSAR;Alveolata;Apicomplexa;Coccidiomorphea;Eimeriida;Corallicolidae;Corallicolla
REF_BRK_c-209_conseq_Otu1219_4_freshwater_Skogaryd-fw_Eukaryota_Amoebozoa_Evosea_Evosea_X_Archamoebea_Mastigamoebida_Mastigamoebidae_Mastigamoeba_Genus	Eukaryota;Amoebozoa;Evosea;Evosea_X;Archamoebea;Mastigamoebida;Mastigamoebidae;Mastigamoeba
REF_BRK_c-2114_conseq_Otu1187_9_soil_PuertoRico_Eukaryota_Excavata_Discoba_Discoba_X_Euglenozoa_Kinetoplastida_Neobodonidae_Rhynchobodo_Rhynchobodo_sp_Species	Eukaryota;Excavata;Discoba;Euglenozoa;Kinetoplastea;Kinetoplastea_X;Kinetoplastea_XX;Kinetoplastea_XXX
REF_BRK_c-2123_conseq_Otu1225_9_soil_PuertoRico_Eukaryota_Amoebozoa_Tubulinea_Tubulinea_X_Subdivision	Eukaryota;Amoebozoa;Tubulinea;Tubulinea_X;Elardia;Euamoebida;Hartmannellidae;Saccamoeba
REF_BRK_c-2127_conseq_Otu1321_7_soil_PuertoRico_Eukaryota_TSAR_Stramenopiles_Bigyra_Sagenista_Labyrinthulomycetes_Amphitremida_Family	Eukaryota;TSAR;Stramenopiles;Bigyra;Sagenista;Labyrinthulomycetes;Diplophrydaceae;Diplophrys
REF_BRK_c-2147_conseq_Otu0445_54_soil_PuertoRico_Eukaryota_Obazoa_Opisthokonta_Fungi_Opisthosporidia_Cryptomycota_Cryptomycota_X_Cryptomycota_XX_Cryptomycota_XX_sp_Species	Eukaryota;Obazoa;Opisthokonta;Fungi;Rozellomycota;Rozellomycota_X;Rozellomycota_XX;Rozellomycota_XXX
REF_BRK_c-2170_conseq_Otu0943_4_soil_Sweden_Eukaryota_Amoebozoa_Discosea_Discosea_X_Centramoebia_Acanthopodida_Order	Eukaryota;Amoebozoa;Discosea;Discosea_X;Centramoebia;Acanthopodida;Balamuthiidae;Balamuthia
REF_BRK_c-218_conseq_Otu1072_8_freshwater_Erken-sed_Eukaryota_Amoebozoa_Evosea_Evosea_X_Archamoebea_Mastigamoebida_Mastigamoebidae_Mastigamoeba_Genus	Eukaryota;Amoebozoa;Evosea;Evosea_X;Archamoebea;Mastigamoebida;Mastigamoebidae;Mastigamoeba
REF_BRK_c-2202_conseq_Otu1147_7_freshwater_Erken-sed_Eukaryota_Amoebozoa_Tubulinea_Tubulinea_X_Subdivision	Eukaryota;Amoebozoa;Tubulinea;Tubulinea_X;Echinamoebida;Echinamoebida_X;Echinamoebidae;Echinamoeba
REF_BRK_c-221_conseq_Otu0381_44_freshwater_Erken-sed_Eukaryota_Amoebozoa_Evosea_Evosea_X_Archamoebea_Mastigamoebida_Mastigamoebidae_Mastigamoeba_Genus	Eukaryota;Amoebozoa;Evosea;Evosea_X;Archamoebea;Mastigamoebida;Mastigamoebidae;Mastigamoeba
REF_BRK_c-223_conseq_Otu1167_6_freshwater_Erken-sed_Eukaryota_Excavata_Discoba_Discoba_X_Euglenozoa_Kinetoplastida_Order	Eukaryota;Excavata;Discoba;Euglenozoa;Kinetoplastea;Neobodonida;Allobodonidae;Allobodo
REF_BRK_c-223_conseq_Otu331_6_soil_Svartberget-peat_Eukaryota_Amoebozoa_Discosea_Discosea_X_Centramoebia_Acanthopodida_Acanthamoebidae_Family	Eukaryota;Amoebozoa;Discosea;Discosea_X;Centramoebia;Acanthopodida;Acanthamoebidae;Acanthamoeba
REF_BRK_c-224_conseq_Otu1079_8_freshwater_Erken-sed_Eukaryota_Amoebozoa_Evosea_Evosea_X_Archamoebea_Mastigamoebida_Mastigamoebidae_Mastigamoeba_Mastigamoeba_sp_Species	Eukaryota;Amoebozoa;Evosea;Evosea_X;Archamoebea;Mastigamoebida;Mastigamoebidae;Mastigamoeba
REF_BRK_c-2251_conseq_Otu0339_30_freshwater_Skogaryd-fw_Eukaryota_TSAR_Rhizaria_Cercozoa_Filosa-Sarcomonadea_Cercomonadida_Cercomonadidae_Family	Eukaryota;TSAR;Rhizaria;Cercozoa;Filosa-Sarcomonadea;Cercomonadida;Cercomonadidae;Neocercomonas
REF_BRK_c-2316_conseq_Otu0936_6_freshwater_Skogaryd-fw_Eukaryota_Obazoa_Opisthokonta_Fungi_Opisthosporidia_Cryptomycota_Cryptomycota_X_Cryptomycota_XX_Cryptomycota_XX_sp_Species	Eukaryota;Obazoa;Opisthokonta;Fungi;Fungi_X;Fungi_XX;Fungi_XXX;Fungi_XXXX
REF_BRK_c-2358_conseq_Otu1051_8_freshwater_Erken-sed_Eukaryota_TSAR_Rhizaria_Cercozoa_Novel-clade-10-12_Class	Eukaryota;TSAR;Rhizaria;Cercozoa;Filosa-Sarcomonadea;Cercomonadida;Cercomonadidae;Cercomonas
REF_BRK_c-2360_conseq_Otu0580_13_soil_Sweden_Eukaryota_TSAR_Rhizaria_Cercozoa_Filosa-Thecofilosea_Cryomonadida_Rhogostoma-lineage_Rhogostoma-lineage_X_Rhogostoma-lineage_X_sp_Species	Eukaryota;TSAR;Rhizaria;Cercozoa;Filosa-Thecofilosea;Cryomonadida;Rhogostoma-lineage;Rhogostoma-lineage_X
REF_BRK_c-2366_conseq_Otu0515_28_freshwater_Erken-sed_Eukaryota_TSAR_Stramenopiles_Bigyra_Sagenista_Labyrinthulomycetes_Amphitremida_Family	Eukaryota;TSAR;Alveolata;Apicomplexa;Gregarinomorphea;Cryptogregarinorida;Cryptosporidiidae;Cryptosporidium15
REF_BRK_c-2369_conseq_Otu1050_3_soil_Sweden_Eukaryota_Amoebozoa_Evosea_Evosea_X_Variosea_Class	Eukaryota;Amoebozoa;Evosea;Evosea_X;Variosea;Fractovitellida;Schizoplasmodiidae;Schizoplasmodium
REF_BRK_c-2398_conseq_Otu1090_4_freshwater_Skogaryd-fw_Eukaryota_Obazoa_Opisthokonta_Fungi_Opisthosporidia_Cryptomycota_Cryptomycota_X_Cryptomycota_XX_Cryptomycota_XX_sp_Species	Eukaryota;Obazoa;Opisthokonta;Fungi;Fungi_X;Fungi_XX;Fungi_XXX;Fungi_XXXX
REF_BRK_c-244_conseq_Otu0443_29_surface_Ms1-DCM_Eukaryota_TSAR_Rhizaria_Cercozoa_Subdivision	Eukaryota;TSAR;Rhizaria;Cercozoa;Filosa-Imbricatea;Thaumatomonadida;Thaumatomonadida_X;Thaumatomonadida_XX
REF_BRK_c-245_conseq_Otu0573_3_surface_WC-sur_Eukaryota_TSAR_Rhizaria_Cercozoa_Filosa-Thecofilosea_Cryomonadida_Protaspa-lineage_Protaspa-lineage_X_Protaspa-lineage_X_sp_Species	Eukaryota;TSAR;Rhizaria;Cercozoa;Filosa-Thecofilosea;Cryomonadida;Protaspa-lineage;Protaspa
REF_BRK_c-2474_conseq_Otu0090_605_soil_PuertoRico_Eukaryota_Obazoa_Opisthokonta_Fungi_Subdivision	Eukaryota;Obazoa;Opisthokonta;Fungi;Chytridiomycota;Neocallimastigales;Neocallimastigaceae;Neocallimastix
REF_BRK_c-2537_conseq_Otu0542_15_soil_Sweden_Eukaryota_Obazoa_Opisthokonta_Division	Eukaryota;Obazoa;Opisthokonta;Fungi;Chytridiomycota;Chytridiomycota_X;Chytridiomycota_XX;Chytridiomycota_XXX
REF_BRK_c-2643_conseq_Otu0071_485_freshwater_Skogaryd-fw_Eukaryota_TSAR_Rhizaria_Cercozoa_Filosa-Imbricatea_Spongomonadida_Spongomonadidae_Family	Eukaryota;TSAR;Rhizaria;Cercozoa;Filosa-Sarcomonadea;Cercomonadida;Cercomonadidae;Cercomonas
REF_BRK_c-2653_conseq_Otu1100_4_freshwater_Skogaryd-fw_Eukaryota_CRuMs_Rigifilida_Rigifilida_X_Rigifilida_XX_Rigifilida_XXX_Rigifilida_XXXX_Micronuclearia_Micronuclearia_podoventralis_Species	Eukaryota;CRuMs;Rigifilida;Rigifilida_X;Rigifilida_XX;Rigifilida_XXX;Rigifilida_XXXX;Micronuclearia
REF_BRK_c-265_conseq_Otu0089_387_freshwater_Erken-sed_Eukaryota_TSAR_Rhizaria_Cercozoa_Filosa-Granofilosea_Class	Eukaryota;TSAR;Rhizaria;Cercozoa;Filosa-Granofilosea;Massiterida;Massiteriidae;Massisteria
REF_BRK_c-2684_conseq_Otu1404_5_soil_PuertoRico_Eukaryota_Amoebozoa_Tubulinea_Tubulinea_X_Elardia_Euamoebida_Hartmannellidae_Family	Eukaryota;Amoebozoa;Tubulinea;Tubulinea_X;Elardia;Euamoebida;Hartmannellidae;Polychaos
REF_BRK_c-2687_conseq_Otu0413_27_soil_Sweden_Eukaryota_Amoebozoa_Discosea_Discosea_X_Centramoebia_Acanthopodida_Acanthamoebidae_Acanthamoebidae_X_Genus	Eukaryota;Amoebozoa;Amoebozoa.U.division;Amoebozoa.U.subdivision;Amoebozoa.U.class;Amoebozoa.U.order;Amoebozoa.U.family;Amoebozoa.U.genus
REF_BRK_c-272_conseq_Otu0344_3_soil_agricultural-soil_Eukaryota_Amoebozoa_Evosea_Evosea_X_Variosea_Class	Eukaryota;Amoebozoa;Evosea;Evosea_X;Variosea;Fractovitellida;Schizoplasmodiidae;Schizoplasmodium
REF_BRK_c-275_conseq_Otu326_14_deep_Ms1-mes_Eukaryota_TSAR_Rhizaria_Cercozoa_Subdivision	Eukaryota;TSAR;Rhizaria;Cercozoa;Endomyxa-Ascetosporea;Paradinida;Paradinidae;Paradinium
REF_BRK_c-2768_conseq_Otu0828_14_freshwater_Erken-sed_Eukaryota_Obazoa_Opisthokonta_Fungi_Subdivision	Eukaryota;Obazoa;Opisthokonta;Fungi;Basidiomycota;Agaricomycotina;Agaricomycetes;Agaricomycetes_X
REF_BRK_c-2773_conseq_Otu0819_6_soil_Sweden_Eukaryota_Excavata_Discoba_Discoba_X_Euglenozoa_Heteronematina_Heteronematina_X_Family	Eukaryota;Excavata;Discoba;Euglenozoa;Euglenida;Petalomonadida;Eupetalomonads_X;Eupetalomonads_XX
REF_BRK_c-2775_conseq_Otu0027_2615_freshwater_Erken-fw_Eukaryota_TSAR_Rhizaria_Cercozoa_Filosa-Thecofilosea_Cryomonadida_Protaspa-lineage_Protaspa-lineage_X_Protaspa-lineage_X_sp_Species	Eukaryota;TSAR;Rhizaria;Cercozoa;Filosa-Thecofilosea;Cryomonadida;Protaspa-lineage;Protaspa-lineage_X
REF_BRK_c-278_conseq_Otu505_4_soil_Skogaryd-peat_Eukaryota_Excavata_Discoba_Discoba_X_Euglenozoa_Heteronematina_Heteronematina_X_Family	Eukaryota;Excavata;Discoba;Euglenozoa;Euglenida;Petalomonadida;Scytomonadidae;Scytomonas
REF_BRK_c-279_conseq_Otu540_3_soil_Skogaryd-peat_Eukaryota_TSAR_Rhizaria_Cercozoa_Filosa-Imbricatea_Euglyphida_Paulinellidae_Paulinella_Paulinella_sp_Species	Eukaryota;TSAR;Rhizaria;Cercozoa;Filosa-Imbricatea;Euglyphida;Paulinellidae;Paulinella
REF_BRK_c-2835_conseq_Otu368_4_freshwater_Svartberget-fw_Eukaryota_Obazoa_Opisthokonta_Fungi_Fungi_X_Fungi_XX_Fungi_XXX_Fungi_XXXX_Fungi_XXXX_sp_Species	Eukaryota;Obazoa;Opisthokonta;Fungi;Fungi_X;Fungi_XX;Fungi_XXX;Fungi_XXXX
REF_BRK_c-284_conseq_Otu410_9_soil_Skogaryd-peat_Eukaryota_Amoebozoa_Evosea_Evosea_X_Archamoebea_Mastigamoebida_Mastigamoebidae_Mastigamoeba_Genus	Eukaryota;Amoebozoa;Evosea;Evosea_X;Archamoebea;Mastigamoebida;Mastigamoebidae;Mastigamoeba
REF_BRK_c-285_conseq_Otu181_34_soil_Skogaryd-peat_Eukaryota_Amoebozoa_Supergroup	Eukaryota;Amoebozoa;Evosea;Evosea_X;Archamoebea;Pelobiontida;Pelobiontida_X;Mastigella
REF_BRK_c-286_conseq_Otu1098_8_freshwater_Erken-sed_Eukaryota_Amoebozoa_Supergroup	Eukaryota;Amoebozoa;Evosea;Evosea_X;Archamoebea;Pelobiontida;Pelobiontida_X;Mastigella
REF_BRK_c-288_conseq_Otu529_3_soil_Skogaryd-peat_Eukaryota_Amoebozoa_Evosea_Evosea_X_Archamoebea_Mastigamoebida_Mastigamoebidae_Mastigamoeba_Genus	Eukaryota;Amoebozoa;Evosea;Evosea_X;Archamoebea;Mastigamoebida;Mastigamoebidae;Mastigamoeba
REF_BRK_c-290_conseq_Otu1060_4_deep_Ms2-bat_Eukaryota_TSAR_Rhizaria_Cercozoa_Endomyxa-Ascetosporea_Paradinida_Paradinida_X_Paradinida_XX_Paradinida_XX_sp_Species	Eukaryota;TSAR;Rhizaria;Cercozoa;Endomyxa;Filoretidae;Filoretidae_X;Filoreta
REF_BRK_c-2937_conseq_Otu0767_23_soil_PuertoRico_Eukaryota_Amoebozoa_Discosea_Discosea_X_Centramoebia_Pellitida_Endostelium-lineage_Endostelium_Genus	Eukaryota;Amoebozoa;Discosea;Discosea_X;Centramoebia;Pellitida;Endostelium-lineage;Endostelium
REF_BRK_c-297_conseq_Otu0453_32_deep_Ms2-bat_Eukaryota_TSAR_Rhizaria_Cercozoa_Endomyxa-Ascetosporea_Endomyxa-Ascetosporea_X_Endomyxa-Ascetosporea_XX_Endomyxa-Ascetosporea_XXX_Endomyxa-Ascetosporea_XXX_sp_Species	Eukaryota;TSAR;Rhizaria;Cercozoa;Endomyxa;Filoretidae;Filoretidae_X;Filoreta
REF_BRK_c-2995_conseq_Otu0585_13_soil_Sweden_Eukaryota_Obazoa_Opisthokonta_Metazoa_Nematoda_Chromadorea_Chromadorea_X_Panagrobelus_Panagrobelus_stammeri_Species	Eukaryota;Obazoa;Opisthokonta;Metazoa;Nematoda;Chromadorea;Chromadorea_X;Plectonchus
REF_BRK_c-3217_conseq_Otu0582_37_soil_PuertoRico_Eukaryota_TSAR_Rhizaria_Cercozoa_Subdivision	Eukaryota;TSAR;Rhizaria;Cercozoa;Filosa-Sarcomonadea;Cercomonadida;Cercomonadidae;Cavernomonas
REF_BRK_c-321_conseq_Otu0985_10_freshwater_Erken-sed_Eukaryota_TSAR_Rhizaria_Cercozoa_Filosa-Granofilosea_Limnofilida_Limnofilidae_Limnofilidae_X_Limnofilidae_X_sp_Species	Eukaryota;TSAR;Rhizaria;Cercozoa;Filosa-Granofilosea;Limnofilida;Limnofilidae;Limnofilidae_X
REF_BRK_c-3332_conseq_Otu0657_9_soil_Sweden_Eukaryota_Obazoa_Opisthokonta_Metazoa_Nematoda_Chromadorea_Chromadorea_X_Family	Eukaryota;Obazoa;Opisthokonta;Metazoa;Nematoda;Chromadorea;Chromadorea_X;Ditylenchus
REF_BRK_c-3338_conseq_Otu0873_13_freshwater_Erken-sed_Eukaryota_TSAR_Stramenopiles_Bigyra_Sagenista_Labyrinthulomycetes_Amphitremida_Family	Eukaryota;TSAR;Stramenopiles;Bigyra;Sagenista;Labyrinthulomycetes;Amphitraemidae;Amphitrema
REF_BRK_c-341_conseq_Otu0937_3_freshwater_permafrost_Eukaryota_Obazoa_Opisthokonta_Metazoa_Arthropoda_Crustacea_Branchiopoda_Chydorus_Chydorus_sphaericus_Species	Eukaryota;Obazoa;Opisthokonta;Metazoa;Arthropoda;Crustacea;Branchiopoda;Chydorus
REF_BRK_c-3425_conseq_Otu1024_14_soil_PuertoRico_Eukaryota_Obazoa_Opisthokonta_Metazoa_Nematoda_Chromadorea_Chromadorea_X_Family	Eukaryota;Obazoa;Opisthokonta;Metazoa;Nematoda;Chromadorea;Chromadorea_X;Prodesmodora
REF_BRK_c-3451_conseq_Otu0252_79_freshwater_Erken-sed_Eukaryota_Amoebozoa_Supergroup	Eukaryota;Amoebozoa;Amoebozoa.U.division;Amoebozoa.U.subdivision;Amoebozoa.U.class;Amoebozoa.U.order;Amoebozoa.U.family;Amoebozoa.U.genus
REF_BRK_c-3548_conseq_Otu1286_8_soil_PuertoRico_Eukaryota_Amoebozoa_Evosea_Evosea_X_Variosea_Flamellidae_WIM80-lineage_WIM80-lineage_X_WIM80-lineage_X_sp_Species	Eukaryota;Amoebozoa;Evosea;Evosea_X;Variosea;Flamellidae;WIM80-lineage;WIM80-lineage_X
REF_BRK_c-360_conseq_Otu0422_6_surface_WC-sur_Eukaryota_Amoebozoa_Supergroup	Eukaryota;Amoebozoa;Amoebozoa.U.division;Amoebozoa.U.subdivision;Amoebozoa.U.class;Amoebozoa.U.order;Amoebozoa.U.family;Amoebozoa.U.genus
REF_BRK_c-3646_conseq_Otu0974_15_soil_PuertoRico_Eukaryota_Amoebozoa_Discosea_Discosea_X_Centramoebia_Pellitida_Endostelium-lineage_Endostelium_Genus	Eukaryota;Amoebozoa;Discosea;Discosea_X;Centramoebia;Pellitida;Endostelium-lineage;Endostelium
REF_BRK_c-365_conseq_Otu0423_21_freshwater_Skogaryd-fw_Eukaryota_Domain	Eukaryota;Obazoa;Opisthokonta;Fungi;Mucoromycota;Mortierellaceae;Mortierellaceae_X;Mortierella
REF_BRK_c-37_conseq_Otu231_9_freshwater_Svartberget-fw_Eukaryota_TSAR_Rhizaria_Cercozoa_Novel-clade-10-12_Novel-clade-10_Novel-clade-10_X_Novel-clade-10_XX_Novel-clade-10_XX_sp_Species	Eukaryota;TSAR;Rhizaria;Cercozoa;Novel-clade-10-12;Novel-clade-10;Novel-clade-10_X;Novel-clade-10_XX
REF_BRK_c-3802_conseq_Otu0438_24_soil_Sweden_Eukaryota_TSAR_Rhizaria_Cercozoa_Filosa-Sarcomonadea_Glissomonadida_Glissomonadida_X_Glissomonadida_XX_Glissomonadida_XX_sp_Species	Eukaryota;TSAR;Rhizaria;Cercozoa;Filosa-Sarcomonadea;Glissomonadida;Glissomonadida_X;Glissomonadida_XX
REF_BRK_c-397_conseq_Otu394_10_soil_Skogaryd-peat_Eukaryota_Amoebozoa_Amoebozoa_X_Amoebozoa_XX_Amoebozoa_XXX_Amoebozoa_XXXX_LKM74-lineage_LKM74-lineage_X_LKM74-lineage_X_sp_Species	Eukaryota;Amoebozoa;Amoebozoa.U.division;Amoebozoa.U.subdivision;Amoebozoa.U.class;Amoebozoa.U.order;Amoebozoa.U.family;Amoebozoa.U.genus
REF_BRK_c-401_conseq_Otu0220_81_soil_Sweden_Eukaryota_Amoebozoa_Discosea_Discosea_X_Centramoebia_Acanthopodida_Acanthamoebidae_Acanthamoeba_Genus	Eukaryota;Amoebozoa;Discosea;Discosea_X;Flabellinia;Flabellinia_X;LKM74-lineage;LKM74-lineage_X
REF_BRK_c-407_conseq_Otu0762_5_freshwater_permafrost_Eukaryota_Amoebozoa_Tubulinea_Tubulinea_X_Elardia_Arcellinida_Arcellinida_X_Physochila_Genus	Eukaryota;Amoebozoa;Tubulinea;Tubulinea_X;Elardia;Arcellinida;Arcellinida_X;Physochila
REF_BRK_c-410_conseq_Otu0750_5_freshwater_permafrost_Eukaryota_Amoebozoa_Evosea_Evosea_X_Archamoebea_Mastigamoebida_Mastigamoebidae_Mastigamoeba_Genus	Eukaryota;Amoebozoa;Evosea;Evosea_X;Archamoebea;Mastigamoebida;Mastigamoebidae;Mastigamoeba
REF_BRK_c-414_conseq_Otu286_9_soil_Svartberget-peat_Eukaryota_TSAR_Alveolata_Apicomplexa_Coccidiomorphea_Class	Eukaryota;TSAR;Alveolata;Apicomplexa;Coccidiomorphea;Adeleida;Adeleidae;Adelina
REF_BRK_c-4178_conseq_Otu0606_12_soil_Sweden_Eukaryota_Amoebozoa_Tubulinea_Tubulinea_X_Elardia_Euamoebida_Hartmannellidae_Family	Eukaryota;Amoebozoa;Tubulinea;Tubulinea_X;Elardia;Euamoebida;Hartmannellidae;Copromyxa
REF_BRK_c-419_conseq_Otu0659_15_deep_Ms2-bat_Eukaryota_TSAR_Rhizaria_Cercozoa_Endomyxa-Ascetosporea_Paradinida_Paradinidae_Paradinium_Genus	Eukaryota;TSAR;Rhizaria;Cercozoa;Endomyxa-Ascetosporea;Paradinida;Paradinidae;Paradinium
REF_BRK_c-42_conseq_Otu363_4_freshwater_Svartberget-fw_Eukaryota_Amoebozoa_Supergroup	Eukaryota;Amoebozoa;Discosea;Discosea_X;Centramoebia;Acanthopodida;Balamuthiidae;Balamuthia
REF_BRK_c-4373_conseq_Otu0400_28_soil_Sweden_Eukaryota_Amoebozoa_Evosea_Evosea_X_Variosea_Variosea_X_Order	Eukaryota;Amoebozoa;Evosea;Evosea_X;Variosea;Variosea_X;AND16-lineage;AND16-lineage_X
REF_BRK_c-447_conseq_Otu279_18_soil_Skogaryd-peat_Eukaryota_CRuMs_Rigifilida_Rigifilida_X_Rigifilida_XX_Rigifilida_XXX_Rigifilida_XXXX_Family	Eukaryota;CRuMs;Rigifilida;Rigifilida_X;Rigifilida_XX;Rigifilida_XXX;Rigifilida_XXXX;Rigifila
REF_BRK_c-455_conseq_Otu220_25_soil_Skogaryd-peat_Eukaryota_TSAR_Rhizaria_Cercozoa_Filosa-Sarcomonadea_Glissomonadida_Order	Eukaryota;TSAR;Rhizaria;Cercozoa;Filosa-Sarcomonadea;Cercomonadida;Cercomonadidae;Cavernomonas
REF_BRK_c-459_conseq_Otu0576_3_surface_WC-sur_Eukaryota_TSAR_Rhizaria_Cercozoa_Filosa-Thecofilosea_Cryomonadida_Order	Eukaryota;TSAR;Rhizaria;Cercozoa;Filosa-Thecofilosea;Cryomonadida;Protaspa-lineage;Protaspa-lineage_X
REF_BRK_c-466_conseq_Otu1173_10_soil_PuertoRico_Eukaryota_Amoebozoa_Supergroup	Eukaryota;Amoebozoa;Amoebozoa.U.division;Amoebozoa.U.subdivision;Amoebozoa.U.class;Amoebozoa.U.order;Amoebozoa.U.family;Amoebozoa.U.genus
REF_BRK_c-467_conseq_Otu354_17_deep_Ms2-mes_Eukaryota_TSAR_Stramenopiles_Stramenopiles_X_Stramenopiles_XX_Stramenopiles_XXX_Stramenopiles_XXXX_Stramenopiles_XXXXX_Stramenopiles_XXXXX_sp_Species	Eukaryota;TSAR;Stramenopiles;Stramenopiles_X;Stramenopiles_XX;Stramenopiles_XXX;Stramenopiles_XXXX;Stramenopiles_XXXXX
REF_BRK_c-46_conseq_Otu279_9_soil_Svartberget-peat_Eukaryota_Amoebozoa_Tubulinea_Tubulinea_X_Elardia_Arcellinida_Order	Eukaryota;Amoebozoa;Tubulinea;Tubulinea_X;Elardia;Arcellinida;Phryganellina;Cryptodifflugia
REF_BRK_c-470_conseq_Otu0180_133_freshwater_Erken-sed_Eukaryota_Obazoa_Opisthokonta_Metazoa_Arthropoda_Crustacea_Branchiopoda_Family	Eukaryota;Obazoa;Opisthokonta;Metazoa;Arthropoda;Crustacea;Branchiopoda;Diaphanosoma
REF_BRK_c-470_conseq_Otu401_9_soil_Skogaryd-peat_Eukaryota_TSAR_Rhizaria_Cercozoa_Filosa-Sarcomonadea_Glissomonadida_Order	Eukaryota;TSAR;Rhizaria;Cercozoa;Filosa-Thecofilosea;Ventricleftida;CCW10-lineage;CCW10-lineage_X
REF_BRK_c-497_conseq_Otu1461_4_soil_PuertoRico_Eukaryota_TSAR_Stramenopiles_Bigyra_Sagenista_Labyrinthulomycetes_Amphitremida_Family	Eukaryota;TSAR;Stramenopiles;Bigyra;Sagenista;Labyrinthulomycetes;Amphitraemidae;Amphitrema
REF_BRK_c-511_conseq_Otu0978_15_soil_PuertoRico_Eukaryota_Amoebozoa_Supergroup	Eukaryota;Amoebozoa;Amoebozoa.U.division;Amoebozoa.U.subdivision;Amoebozoa.U.class;Amoebozoa.U.order;Amoebozoa.U.family;Amoebozoa.U.genus
REF_BRK_c-511_conseq_Otu317_7_soil_Svartberget-peat_Eukaryota_Obazoa_Opisthokonta_Fungi_Ascomycota_Pezizomycotina_Eurotiomycetes_Family	Eukaryota;Obazoa;Opisthokonta;Fungi;Ascomycota;Pezizomycotina;Dothideomycetes;Teratosphaeria
REF_BRK_c-512_conseq_Otu1100_8_freshwater_Erken-sed_Eukaryota_Amoebozoa_Tubulinea_Tubulinea_X_Elardia_Euamoebida_Order	Eukaryota;Amoebozoa;Tubulinea;Tubulinea_X;Elardia;Euamoebida;Hartmannellidae;Copromyxa
REF_BRK_c-5147_conseq_Otu0374_34_soil_Sweden_Eukaryota_Amoebozoa_Evosea_Evosea_X_Variosea_Flamellidae_WIM80-lineage_WIM80-lineage_X_WIM80-lineage_X_sp_Species	Eukaryota;Amoebozoa;Evosea;Evosea_X;Variosea;Flamellidae;WIM80-lineage;WIM80-lineage_X
REF_BRK_c-525_conseq_Otu1227_3_freshwater_Skogaryd-fw_Eukaryota_Excavata_Discoba_Discoba_X_Euglenozoa_Heteronematina_Heteronematina_X_Family	Eukaryota;Excavata;Discoba;Euglenozoa;Euglenida;Petalomonadida;Scytomonadidae;Scytomonas
REF_BRK_c-528_conseq_Otu473_5_soil_Skogaryd-peat_Eukaryota_Excavata_Discoba_Discoba_X_Euglenozoa_Heteronematina_Heteronematina_X_Family	Eukaryota;Excavata;Discoba;Euglenozoa;Euglenida;Petalomonadida;Scytomonadidae;Petalomonas
REF_BRK_c-5372_conseq_Otu0246_67_soil_Sweden_Eukaryota_Amoebozoa_Evosea_Evosea_X_Variosea_Class	Eukaryota;Amoebozoa;Amoebozoa.U.division;Amoebozoa.U.subdivision;Amoebozoa.U.class;Amoebozoa.U.order;Amoebozoa.U.family;Amoebozoa.U.genus
REF_BRK_c-546_conseq_Otu0683_3_surface_Ms2-DCM_Eukaryota_TSAR_Stramenopiles_Division	Eukaryota;TSAR;Stramenopiles;Bigyra;Bicoecea;Bicoecea_X;Bicoecea_XX;Bicoecea_XXX
REF_BRK_c-551_conseq_Otu0108_411_deep_Ms2-bat_Eukaryota_TSAR_Rhizaria_Cercozoa_Endomyxa-Ascetosporea_Endomyxa-Ascetosporea_X_Endomyxa-Ascetosporea_XX_Endomyxa-Ascetosporea_XXX_Endomyxa-Ascetosporea_XXX_sp_Species	Eukaryota;TSAR;Rhizaria;Cercozoa;Endomyxa-Ascetosporea;Endomyxa-Ascetosporea_X;Endomyxa-Ascetosporea_XX;Endomyxa-Ascetosporea_XXX
REF_BRK_c-55_conseq_Otu343_5_soil_Svartberget-peat_Eukaryota_Obazoa_Opisthokonta_Metazoa_Rotifera_Rotifera_X_Rotifera_XX_Family	Eukaryota;Obazoa;Opisthokonta;Metazoa;Rotifera;Rotifera_X;Rotifera_XX;Encentrum
REF_BRK_c-564_conseq_Otu0102_197_surface_WC-sur_Eukaryota_TSAR_Rhizaria_Cercozoa_Filosa-Thecofilosea_Filosa-Thecofilosea_X_Mataza-lineage_Mataza-lineage_X_Mataza-lineage_X_sp_Species	Eukaryota;TSAR;Rhizaria;Cercozoa;Filosa-Thecofilosea;Filosa-Thecofilosea_X;Mataza-lineage;Mataza-lineage_X
REF_BRK_c-566_conseq_Otu0700_6_freshwater_permafrost_Eukaryota_Excavata_Discoba_Discoba_X_Euglenozoa_Aphagea_Rhabdomonadales_Family	Eukaryota;Excavata;Discoba;Euglenozoa;Euglenida;Euglenophyceae;Phacaceae;Phacus
REF_BRK_c-56_conseq_Otu112_94_soil_Skogaryd-peat_Eukaryota_Excavata_Discoba_Discoba_X_Euglenozoa_Aphagea_Rhabdomonadales_Family	Eukaryota;Excavata;Discoba;Euglenozoa;Euglenida;Aphagea;Distigmidae;Distigma
REF_BRK_c-572_conseq_Otu0922_17_soil_PuertoRico_Eukaryota_TSAR_Rhizaria_Cercozoa_Filosa-Thecofilosea_Cryomonadida_Rhogostoma-lineage_Rhogostoma-lineage_X_Rhogostoma-lineage_X_sp_Species	Eukaryota;TSAR;Rhizaria;Cercozoa;Filosa-Thecofilosea;Cryomonadida;Rhogostoma-lineage;Rhogostoma-lineage_X
REF_BRK_c-583_conseq_Otu156_47_soil_Skogaryd-peat_Eukaryota_Obazoa_Opisthokonta_Fungi_Ascomycota_Pezizomycotina_Eurotiomycetes_Family	Eukaryota;Obazoa;Opisthokonta;Fungi;Ascomycota;Pezizomycotina;Eurotiomycetes;Penicillium
REF_BRK_c-595_conseq_Otu1173_6_freshwater_Erken-sed_Eukaryota_Domain	Eukaryota;Amoebozoa;Discosea;Discosea_X;Stygamoebida;Stygamoebida_X;Stygamoebida_XX;Stygamoebida_XXX
REF_BRK_c-602_conseq_Otu0452_32_deep_Ms2-bat_Eukaryota_TSAR_Rhizaria_Cercozoa_Subdivision	Eukaryota;TSAR;Rhizaria;Cercozoa;Endomyxa-Gromiidea;Gromiida;Gromiidae;Gromia
REF_BRK_c-602_conseq_Otu1019_9_freshwater_Erken-sed_Eukaryota_Obazoa_Opisthokonta_Metazoa_Nematoda_Enoplea_Enoplea_X_Family	Eukaryota;Obazoa;Opisthokonta;Metazoa;Nematoda;Enoplea;Enoplea_X;Tobrilus
REF_BRK_c-617_conseq_Otu0666_9_soil_Sweden_Eukaryota_Excavata_Discoba_Discoba_X_Euglenozoa_Heteronematina_Heteronematina_X_Family	Eukaryota;Excavata;Discoba;Euglenozoa;Euglenida;Petalomonadida;Eupetalomonads_X;Eupetalomonads_XX
REF_BRK_c-620_conseq_Otu108_67_soil_Svartberget-peat_Eukaryota_Obazoa_Opisthokonta_Fungi_Opisthosporidia_Cryptomycota_Cryptomycota_X_Cryptomycota_XX_Cryptomycota_XX_sp_Species	Eukaryota;Obazoa;Opisthokonta;Fungi;Rozellomycota;Rozellomycota_X;Rozellomycota_XX;Rozellomycota_XXX
REF_BRK_c-623_conseq_Otu0585_3_surface_WC-sur_Eukaryota_Obazoa_Opisthokonta_Division	Eukaryota;Obazoa;Opisthokonta;Fungi;Chytridiomycota;Chytridiales;Chytridiales_X;Chytridiales_XX
REF_BRK_c-630_conseq_Otu475_5_soil_Skogaryd-peat_Eukaryota_Excavata_Discoba_Discoba_X_Euglenozoa_Heteronematina_Heteronematina_X_Family	Eukaryota;Excavata;Discoba;Euglenozoa;Euglenida;Petalomonadida;Eupetalomonads_X;Eupetalomonads_XX
REF_BRK_c-635_conseq_Otu0379_38_surface_Ms1-DCM_Eukaryota_TSAR_Rhizaria_Cercozoa_Chlorarachniophyceae_Chlorarachniophyceae_X_NPK2-lineage_NPK2-lineage_X_NPK2-lineage_X_sp_Species	Eukaryota;TSAR;Rhizaria;Cercozoa;Chlorarachniophyceae;Chlorarachniophyceae_X;NPK2-lineage;NPK2-lineage_X
REF_BRK_c-662_conseq_Otu1081_8_freshwater_Erken-sed_Eukaryota_Obazoa_Opisthokonta_Metazoa_Rotifera_Rotifera_X_Rotifera_XX_Family	Eukaryota;Obazoa;Opisthokonta;Metazoa;Rotifera;Rotifera_X;Rotifera_XX;Ascomorpha
REF_BRK_c-684_conseq_Otu1525_3_deep_Ms1-bat_Eukaryota_TSAR_Rhizaria_Cercozoa_Endomyxa-Ascetosporea_Paradinida_Order	Eukaryota;TSAR;Rhizaria;Cercozoa;Endomyxa-Ascetosporea;Paradinida;Paradinida_X;Paradinida_XX
REF_BRK_c-687_conseq_Otu0108_266_freshwater_Skogaryd-fw_Eukaryota_Obazoa_Opisthokonta_Metazoa_Arthropoda_Crustacea_Branchiopoda_Bosmina_Bosmina_longirostris_Species	Eukaryota;Obazoa;Opisthokonta;Metazoa;Arthropoda;Crustacea;Branchiopoda;Bosmina
REF_BRK_c-729_conseq_Otu0918_6_freshwater_Skogaryd-fw_Eukaryota_Amoebozoa_Supergroup	Eukaryota;Amoebozoa;Amoebozoa.U.division;Amoebozoa.U.subdivision;Amoebozoa.U.class;Amoebozoa.U.order;Amoebozoa.U.family;Amoebozoa.U.genus
REF_BRK_c-735_conseq_Otu140_59_soil_Skogaryd-peat_Eukaryota_Amoebozoa_Evosea_Evosea_X_Archamoebea_Mastigamoebida_Mastigamoebidae_Mastigamoeba_Genus	Eukaryota;Amoebozoa;Evosea;Evosea_X;Archamoebea;Mastigamoebida;Mastigamoebidae;Mastigamoeba
REF_BRK_c-739_conseq_Otu0950_11_freshwater_Erken-sed_Eukaryota_Haptista_Centroplasthelida_Centroplasthelida_X_Pterocystida_Class	Eukaryota;Haptista;Centroplasthelida;Centroplasthelida_X;Pterocystida;Pterocystida_X;Pterocystida_XX;Pterocystida_XXX
REF_BRK_c-73_conseq_Otu0111_271_freshwater_Erken-sed_Eukaryota_Obazoa_Opisthokonta_Metazoa_Arthropoda_Crustacea_Branchiopoda_Family	Eukaryota;Obazoa;Opisthokonta;Metazoa;Arthropoda;Crustacea;Branchiopoda;Leptodora
REF_BRK_c-749_conseq_Otu0464_33_freshwater_Erken-sed_Eukaryota_Amoebozoa_Evosea_Evosea_X_Variosea_Variosea_X_Mariager-Fjord-lineage_Mariager-Fjord-lineage_X_Mariager-Fjord-lineage_X_sp_Species	Eukaryota;Amoebozoa;Evosea;Evosea_X;Variosea;Variosea_X;Mariager-Fjord-lineage;Mariager-Fjord-lineage_X
REF_BRK_c-753_conseq_Otu1388_3_freshwater_Skogaryd-fw_Eukaryota_Haptista_Centroplasthelida_Centroplasthelida_X_Centroplasthelida_XX_Centroplasthelida_XXX_Centroplasthelida_XXXX_Centroplasthelida_XXXXX_Centroplasthelida_XXXXX_sp_Species	Eukaryota;Haptista;Centroplasthelida;Centroplasthelida_X;Centroplasthelida_XX;Centroplasthelida_XXX;Centroplasthelida_XXXX;Centroplasthelida_XXXXX
REF_BRK_c-757_conseq_Otu0976_5_deep_Ms1-bat_Eukaryota_TSAR_Rhizaria_Cercozoa_Subdivision	Eukaryota;TSAR;Rhizaria;Cercozoa;Endomyxa;Filoretidae;Filoretidae_X;Filoreta
REF_BRK_c-76_conseq_Otu0934_3_freshwater_permafrost_Eukaryota_Excavata_Discoba_Discoba_X_Euglenozoa_Euglenales_Euglenaceae_Trachelomonas_Genus	Eukaryota;Excavata;Discoba;Euglenozoa;Euglenida;Euglenophyceae;Euglenaceae;Trachelomonas
REF_BRK_c-796_conseq_Otu0946_11_freshwater_Erken-sed_Eukaryota_Excavata_Discoba_Discoba_X_Euglenozoa_Heteronematina_Heteronematina_X_Family	Eukaryota;Excavata;Discoba;Euglenozoa;Euglenida;Petalomonadida;Scytomonadidae;Petalomonas
REF_BRK_c-806_conseq_Otu0448_28_surface_Ms1-DCM_Eukaryota_TSAR_Alveolata_Dinoflagellata_Syndiniales_Dino-Group-II_Dino-Group-II_X_Dino-Group-II_XX_Dino-Group-II_XX_sp_Species	Eukaryota;TSAR;Alveolata;Dinoflagellata;Syndiniales;Dino-Group-II;Dino-Group-II_X;Dino-Group-II_XX
REF_BRK_c-834_conseq_Otu0903_12_freshwater_Erken-sed_Eukaryota_CRuMs_Rigifilida_Rigifilida_X_Rigifilida_XX_Rigifilida_XXX_Rigifilida_XXXX_Rigifila_Rigifila_ramosa_Species	Eukaryota;CRuMs;Rigifilida;Rigifilida_X;Rigifilida_XX;Rigifilida_XXX;Rigifilida_XXXX;Rigifila
REF_BRK_c-839_conseq_Otu0783_15_freshwater_Erken-sed_Eukaryota_CRuMs_Rigifilida_Rigifilida_X_Rigifilida_XX_Rigifilida_XXX_Rigifilida_XXXX_Rigifila_Rigifila_ramosa_Species	Eukaryota;CRuMs;Rigifilida;Rigifilida_X;Rigifilida_XX;Rigifilida_XXX;Rigifilida_XXXX;Rigifila
REF_BRK_c-846_conseq_Otu0539_41_soil_PuertoRico_Eukaryota_Amoebozoa_Tubulinea_Tubulinea_X_Subdivision	Eukaryota;Amoebozoa;Amoebozoa.U.division;Amoebozoa.U.subdivision;Amoebozoa.U.class;Amoebozoa.U.order;Amoebozoa.U.family;Amoebozoa.U.genus
REF_BRK_c-878_conseq_Otu1265_4_freshwater_Erken-sed_Eukaryota_Amoebozoa_Tubulinea_Tubulinea_X_Elardia_Euamoebida_Order	Eukaryota;Amoebozoa;Tubulinea;Tubulinea_X;Elardia;Euamoebida;Vermamoebidae;Hartmannella
REF_BRK_c-883_conseq_Otu0911_12_freshwater_Erken-sed_Eukaryota_Amoebozoa_Supergroup	Eukaryota;Amoebozoa;Discosea;Discosea_X;Flabellinia;Dactylopodida;Paramoebidae;Paramoeba
REF_BRK_c-892_conseq_Otu0391_42_freshwater_Erken-sed_Eukaryota_Amoebozoa_Tubulinea_Tubulinea_X_Elardia_Euamoebida_Amoebidae_Family	Eukaryota;Amoebozoa;Tubulinea;Tubulinea_X;Elardia;Euamoebida;Amoebidae;Chaos
REF_BRK_c-892_conseq_Otu0698_9_deep_Ms1-bat_Eukaryota_TSAR_Rhizaria_Cercozoa_Endomyxa-Ascetosporea_Endomyxa-Ascetosporea_X_Endomyxa-Ascetosporea_XX_Endomyxa-Ascetosporea_XXX_Endomyxa-Ascetosporea_XXX_sp_Species	Eukaryota;TSAR;Rhizaria;Cercozoa;Endomyxa;Filoretidae;Filoretidae_X;Filoreta
REF_BRK_c-895_conseq_Otu0513_28_freshwater_Erken-sed_Eukaryota_Obazoa_Opisthokonta_Metazoa_Nematoda_Chromadorea_Chromadorea_X_Family	Eukaryota;Obazoa;Opisthokonta;Metazoa;Nematoda;Chromadorea;Chromadorea_X;Chromadorea_XX
REF_BRK_c-896_conseq_Otu0718_17_freshwater_Erken-sed_Eukaryota_Excavata_Discoba_Discoba_X_Euglenozoa_Heteronematina_Heteronematina_X_Family	Eukaryota;Excavata;Discoba;Euglenozoa;Euglenida;Petalomonadida;Eupetalomonads_X;Eupetalomonads_XX
REF_BRK_c-904_conseq_Otu0139_201_freshwater_Erken-sed_Eukaryota_Amoebozoa_Tubulinea_Tubulinea_X_Elardia_Euamoebida_Order	Eukaryota;Amoebozoa;Tubulinea;Tubulinea_X;Elardia;Euamoebida;Hartmannellidae;Copromyxa
REF_BRK_c-916_conseq_Otu0137_9_soil_agricultural-soil_Eukaryota_Amoebozoa_Tubulinea_Tubulinea_X_Elardia_Euamoebida_Nolandellidae_Nolandellidae_X_Nolandellidae_X_sp_Species	Eukaryota;Amoebozoa;Tubulinea;Tubulinea_X;Elardia;Euamoebida;Nolandellidae;Nolandellidae_X
REF_BRK_c-918_conseq_Otu0728_8_freshwater_Skogaryd-fw_Eukaryota_Eukaryota_X_Hemimastigophora_Hemimastigophora_X_Hemimastigophora_XX_Hemimastigophora_XXX_Spironemidae_Hemimastix_Genus	Eukaryota;Eukaryota_X;Hemimastigophora;Hemimastigophora_X;Hemimastigophora_XX;Hemimastigophora_XXX;Spironemidae;Hemimastix
REF_BRK_c-945_conseq_Otu0593_4_surface_Ms2-DCM_Eukaryota_TSAR_Stramenopiles_Bigyra_Opalozoa_Nanomonadea_MAST-3_MAST-3F_MAST-3F_sp_Species	Eukaryota;TSAR;Stramenopiles;Bigyra;Opalozoa;Nanomonadea;MAST-3;MAST-3E
REF_BRK_c-951_conseq_Otu0277_16_surface_Ms2-DCM_Eukaryota_TSAR_Rhizaria_Cercozoa_Endomyxa-Ascetosporea_Class	Eukaryota;TSAR;Rhizaria;Cercozoa;Novel-clade-10-12;Novel-clade-12;NC12B-lineage;NC12B-lineage_X
REF_BRK_c-965_conseq_Otu0467_51_soil_PuertoRico_Eukaryota_Obazoa_Opisthokonta_Fungi_Subdivision	Eukaryota;Obazoa;Opisthokonta;Fungi;Chytridiomycota;Polychytriales;Polychytriales_X;Polychytrium
REF_BRK_c-967_conseq_Otu1040_13_soil_PuertoRico_Eukaryota_Amoebozoa_Discosea_Discosea_X_Centramoebia_Acanthopodida_Acanthamoebidae_Family	Eukaryota;Amoebozoa;Discosea;Discosea_X;Centramoebia;Acanthopodida;Acanthamoebidae;Protacanthamoeba
REF_BRK_c-969_conseq_Otu1114_3_deep_Ms2-bat_Eukaryota_TSAR_Rhizaria_Cercozoa_Subdivision	Eukaryota;TSAR;Rhizaria;Cercozoa;Filosa-Thecofilosea;Ventricleftida;Ventrifissuridae;Ventrifissura
REF_BRK_c-992_conseq_Otu0690_14_deep_Ms2-bat_Eukaryota_TSAR_Rhizaria_Cercozoa_Filosa-Thecofilosea_Filosa-Thecofilosea_X_Filosa-Thecofilosea_XX_Filosa-Thecofilosea_XXX_Filosa-Thecofilosea_XXX_sp_Species	Eukaryota;TSAR;Rhizaria;Cercozoa;Filosa-Thecofilosea;Filosa-Thecofilosea_X;Filosa-Thecofilosea_XX;Filosa-Thecofilosea_XXX
REF_BRK_c-996_conseq_Otu1274_4_freshwater_Erken-sed_Eukaryota_Excavata_Discoba_Discoba_X_Euglenozoa_Kinetoplastida_Order	Eukaryota;Excavata;Discoba;Euglenozoa;Kinetoplastea;Eubodonida;Bodonidae;Bodo
REF_BRK_m54032_170210_154134_70058279_ccs_Otu108_3_soil_Tibet_Eukaryota_Eukaryota_X_Hemimastigophora_Hemimastigophora_X_Hemimastigophora_XX_Hemimastigophora_XXX_Spironemidae_Hemimastix_Hemimastix_sp-YE-2017_Species	Eukaryota;Eukaryota_X;Hemimastigophora;Hemimastigophora_X;Hemimastigophora_XX;Hemimastigophora_XXX;Spironemidae;Hemimastix
REF_BRK_m54032_170210_154134_73793920_ccs_Otu146_2_soil_Tibet_Eukaryota_Obazoa_Opisthokonta_Division	Eukaryota;Obazoa;Opisthokonta;Fungi;Neocallimastigomycota;Neocallimastigomycota_X;Neocallimastigomycota_XX;Neocallimastigomycota_XXX
REF_BRK_m54088_170214_101554_42140459_ccs_Otu203_2_soil_rhizosphere_Eukaryota_Obazoa_Opisthokonta_Metazoa_Nematoda_Class	Eukaryota;Obazoa;Opisthokonta;Metazoa;Arthropoda;Chelicerata;Arachnida;Penthaleus
REF_BRK_m54088_170216_085445_16843444_ccs_Otu0425_2_soil_agricultural-soil_Eukaryota_Obazoa_Opisthokonta_Fungi_Ascomycota_Pezizomycotina_Sordariomycetes_Papulosa_Papulosa_amerospora_Species	Eukaryota;Obazoa;Opisthokonta;Fungi;Ascomycota;Pezizomycotina;Sordariomycetes;Spadicoides
REF_BRK_m54088_170216_085445_28573881_ccs_Otu0559_2_soil_agricultural-soil_Eukaryota_Amoebozoa_Tubulinea_Tubulinea_X_Elardia_Euamoebida_Order	Eukaryota;Amoebozoa;Tubulinea;Tubulinea_X;Elardia;Euamoebida;Hartmannellidae;Saccamoeba
REF_BRK_m54088_170216_085445_45613572_ccs_Otu0414_2_soil_agricultural-soil_Eukaryota_Amoebozoa_Evosea_Evosea_X_Variosea_Class	Eukaryota;Amoebozoa;Evosea;Evosea_X;Variosea;Flamellidae;Flamella-lineage;Flamella
REF_BRK_m64077_200204_130436_130549647_ccs_double-barcode_Otu1438_2_freshwater_Skogaryd-fw_Eukaryota_Obazoa_Opisthokonta_Fungi_Opisthosporidia_Cryptomycota_Cryptomycota_X_Cryptomycota_XX_Cryptomycota_XX_sp_Species	Eukaryota;Obazoa;Opisthokonta;Fungi;Fungi_X;Fungi_XX;Fungi_XXX;Fungi_XXXX
REF_BRK_m64077_200204_130436_1313170_ccs_double-barcode_Otu1541_2_freshwater_Skogaryd-fw_Eukaryota_Amoebozoa_Discosea_Discosea_X_Flabellinia_Dactylopodida_Paramoebidae_Korotnevella_Korotnevella_sp_Species	Eukaryota;Amoebozoa;Discosea;Discosea_X;Flabellinia;Dactylopodida;Paramoebidae;Korotnevella
REF_BRK_m64077_200204_130436_136448630_ccs_double-barcode_Otu1342_2_freshwater_permafrost_Eukaryota_Excavata_Discoba_Discoba_X_Euglenozoa_Euglenales_Euglenaceae_Trachelomonas_Trachelomonas_sp_Species	Eukaryota;Excavata;Discoba;Euglenozoa;Euglenida;Euglenophyceae;Euglenaceae;Trachelomonas
REF_BRK_m64077_200204_130436_145555560_ccs_double-barcode_Otu1672_2_freshwater_Skogaryd-fw_Eukaryota_Excavata_Discoba_Discoba_X_Euglenozoa_Heteronematina_Heteronematina_X_Family	Eukaryota;Excavata;Discoba;Euglenozoa;Euglenida;Petalomonadida;Scytomonadidae;Scytomonas
REF_BRK_m64077_200204_130436_145622521_ccs_double-barcode_Otu1655_2_freshwater_Skogaryd-fw_Eukaryota_Eukaryota_X_Supergroup	Eukaryota;Amoebozoa;Evosea;Evosea_X;Variosea;Fractovitellida;Schizoplasmodiidae;Schizoplasmodium
REF_BRK_m64077_200204_130436_148179020_ccs_double-barcode_Otu1750_2_freshwater_Skogaryd-fw_Eukaryota_TSAR_Stramenopiles_Bigyra_Sagenista_Labyrinthulomycetes_Amphitremida_Family	Eukaryota;TSAR;Stramenopiles;Bigyra;Sagenista;Labyrinthulomycetes;Amphitraemidae;Amphitrema
REF_BRK_m64077_200204_130436_150276827_ccs_double-barcode_Otu0664_2_freshwater_Erken-fw_Eukaryota_TSAR_Rhizaria_Cercozoa_Filosa-Thecofilosea_Cryomonadida_Cryomonadida_X_Cryomonadida_XX_Cryomonadida_XX_sp_Species	Eukaryota;TSAR;Rhizaria;Cercozoa;Filosa-Thecofilosea;Cryomonadida;Cryomonadida_X;Cryomonadida_XX
REF_BRK_m64077_200204_130436_156369114_ccs_single-barcode_Otu475_2_freshwater_Svartberget-fw_Eukaryota_Obazoa_Opisthokonta_Fungi_Subdivision	Eukaryota;Obazoa;Opisthokonta;Fungi;Opisthosporidia;Microsporida;Microsporida_X;Mitosporidium
REF_BRK_m64077_200204_130436_157745168_ccs_single-barcode_Otu0881_6_freshwater_Skogaryd-fw_Eukaryota_Obazoa_Opisthokonta_Fungi_Opisthosporidia_Cryptomycota_Cryptomycota_X_Cryptomycota_XX_Cryptomycota_XX_sp_Species	Eukaryota;Obazoa;Opisthokonta;Fungi;Rozellomycota;Rozellomycota_X;Rozellomycota_XX;Rozellomycota_XXX
REF_BRK_m64077_200204_130436_39847029_ccs_single-barcode_Otu1243_2_freshwater_permafrost_Eukaryota_TSAR_Rhizaria_Cercozoa_Novel-clade-10-12_Novel-clade-10_Novel-clade-10_X_Novel-clade-10_XX_Novel-clade-10_XX_sp_Species	Eukaryota;TSAR;Rhizaria;Cercozoa;Novel-clade-10-12;Novel-clade-10;Novel-clade-10_X;Novel-clade-10_XX
REF_BRK_m64077_200204_130436_64487880_ccs_double-barcode_Otu447_2_freshwater_Svartberget-fw_Eukaryota_Obazoa_Opisthokonta_Metazoa_Subdivision	Eukaryota;Obazoa;Opisthokonta;Metazoa;Arthropoda;Crustacea;Maxillopoda;Cyclops
REF_BRK_m64077_200204_130436_72549712_ccs_double-barcode_Otu1676_2_freshwater_Skogaryd-fw_Eukaryota_Amoebozoa_Tubulinea_Tubulinea_X_Elardia_Euamoebida_Order	Eukaryota;Amoebozoa;Tubulinea;Tubulinea_X;Elardia;Euamoebida;Hartmannellidae;Saccamoeba
REF_BRK_m64077_200204_130436_76678960_ccs_double-barcode_Otu0972_3_freshwater_permafrost_Eukaryota_TSAR_Rhizaria_Cercozoa_Filosa-Granofilosea_Class	Eukaryota;TSAR;Rhizaria;Cercozoa;Filosa-Granofilosea;Filosa-Granofilosea_X;Novel-Gran-6;Novel-Gran-6_X
REF_BRK_m64077_200204_130436_78185004_ccs_single-barcode_Otu1093_2_freshwater_permafrost_Eukaryota_TSAR_Alveolata_Perkinsea_Subdivision	Eukaryota;TSAR;Stramenopiles;Gyrista;Chrysophyceae;Ochromonadales;Ochromonadaceae;Spumella
REF_BRK_m64077_200204_130436_86377640_ccs_single-barcode_Otu1305_3_freshwater_Skogaryd-fw_Eukaryota_TSAR_Stramenopiles_Bigyra_Opalozoa_Opalozoa_X_MAST-12_MAST-12C_MAST-12C_sp_Species	Eukaryota;TSAR;Stramenopiles;Bigyra;Opalozoa;Opalozoa_X;MAST-12;MAST-12C
REF_BRK_m64077_200208_195333_122619332_ccs_double-barcode_Otu1240_2_soil_Sweden_Eukaryota_Amoebozoa_Amoebozoa_X_Amoebozoa_XX_Amoebozoa_XXX_Amoebozoa_XXXX_LKM74-lineage_LKM74-lineage_X_LKM74-lineage_X_sp_Species	Eukaryota;Amoebozoa;Amoebozoa.U.division;Amoebozoa.U.subdivision;Amoebozoa.U.class;Amoebozoa.U.order;Amoebozoa.U.family;Amoebozoa.U.genus
REF_BRK_m64077_200208_195333_128059422_ccs_double-barcode_Otu1578_2_soil_PuertoRico_Eukaryota_TSAR_Rhizaria_Cercozoa_Filosa-Sarcomonadea_Cercomonadida_Cercomonadidae_Cercomonas_Genus	Eukaryota;TSAR;Rhizaria;Cercozoa;Filosa-Sarcomonadea;Cercomonadida;Cercomonadidae;Neocercomonas
REF_BRK_m64077_200208_195333_14025253_ccs_double-barcode_Otu1583_2_soil_PuertoRico_Eukaryota_TSAR_Rhizaria_Cercozoa_Filosa-Sarcomonadea_Cercomonadida_Cercomonadidae_Cercomonas_Genus	Eukaryota;TSAR;Rhizaria;Cercozoa;Filosa-Sarcomonadea;Cercomonadida;Cercomonadidae;Neocercomonas
REF_BRK_m64077_200208_195333_144572779_ccs_single-barcode_Otu0986_3_soil_Sweden_Eukaryota_Obazoa_Opisthokonta_Fungi_Ascomycota_Pezizomycotina_Order	Eukaryota;Obazoa;Opisthokonta;Fungi;Ascomycota;Pezizomycotina;Leotiomycetes;Chlorociboria
REF_BRK_m64077_200208_195333_153421074_ccs_double-barcode_Otu1627_2_soil_PuertoRico_Eukaryota_Excavata_Discoba_Discoba_X_Euglenozoa_Aphagea_Rhabdomonadales_Astasia_Astasia_curvata_Species	Eukaryota;Excavata;Discoba;Euglenozoa;Euglenida;Aphagea;Rhabdomonadales;Gyropaigne
REF_BRK_m64077_200208_195333_161679668_ccs_double-barcode_Otu1570_2_soil_PuertoRico_Eukaryota_TSAR_Rhizaria_Cercozoa_Endomyxa_Vampyrellida_Penardia-lineage_Penardia-lineage_X_Penardia-lineage_X_sp_Species	Eukaryota;TSAR;Rhizaria;Cercozoa;Endomyxa;Vampyrellida;Sey055-lineage;Sey055-lineage_X
REF_BRK_m64077_200208_195333_169871773_ccs_double-barcode_Otu1214_2_soil_Sweden_Eukaryota_TSAR_Stramenopiles_Bigyra_Sagenista_Labyrinthulomycetes_Amphitremida_Family	Eukaryota;TSAR;Stramenopiles;Bigyra;Sagenista;Labyrinthulomycetes;Diplophrydaceae;Diplophrys
REF_BRK_m64077_200208_195333_32899097_ccs_single-barcode_Otu1402_2_freshwater_Erken-sed_Eukaryota_Amoebozoa_Discosea_Discosea_X_Flabellinia_Dermamoebida_Dermamoebidae_Dermamoebidae_X_Dermamoebidae_X_sp_Species	Eukaryota;Amoebozoa;Amoebozoa.U.division;Amoebozoa.U.subdivision;Amoebozoa.U.class;Amoebozoa.U.order;Amoebozoa.U.family;Amoebozoa.U.genus
REF_BRK_m64077_200208_195333_41355318_ccs_double-barcode_Otu1135_2_soil_Sweden_Eukaryota_TSAR_Rhizaria_Cercozoa_Filosa-Thecofilosea_Cryomonadida_Rhogostoma-lineage_Rhogostoma-lineage_X_Rhogostoma-lineage_X_sp_Species	Eukaryota;TSAR;Rhizaria;Cercozoa;Filosa-Thecofilosea;Cryomonadida;Rhogostoma-lineage;Rhogostoma-lineage_X
REF_BRK_m64077_200208_195333_48890330_ccs_double-barcode_Otu1406_2_freshwater_Erken-sed_Eukaryota_Amoebozoa_Tubulinea_Tubulinea_X_Subdivision	Eukaryota;Amoebozoa;Tubulinea;Tubulinea_X;Elardia;Leptomyxida;Leptomyxidae;Ripidomyxa
REF_BRK_m64077_200208_195333_50332544_ccs_double-barcode_Otu1207_2_soil_Sweden_Eukaryota_Obazoa_Opisthokonta_Fungi_Zoopagomycota_Class	Eukaryota;Obazoa;Opisthokonta;Fungi;Basidiomycota;Agaricomycotina;Dacrymycetes;Guepiniopsis
REF_BRK_m64077_200208_195333_50922520_ccs_double-barcode_Otu591_2_soil_Skogaryd-peat_Eukaryota_Amoebozoa_Evosea_Evosea_X_Archamoebea_Mastigamoebida_Mastigamoebidae_Mastigamoeba_Genus	Eukaryota;Amoebozoa;Evosea;Evosea_X;Archamoebea;Mastigamoebida;Mastigamoebidae;Mastigamoeba
REF_BRK_m64077_200208_195333_63440347_ccs_double-barcode_Otu1544_2_soil_PuertoRico_Eukaryota_TSAR_Rhizaria_Cercozoa_Filosa-Thecofilosea_Cryomonadida_Rhogostoma-lineage_Rhogostoma-lineage_X_Rhogostoma-lineage_X_sp_Species	Eukaryota;TSAR;Rhizaria;Cercozoa;Filosa-Thecofilosea;Cryomonadida;Rhogostoma-lineage;Rhogostoma-lineage_X
REF_BRK_m64077_200208_195333_73334827_ccs_single-barcode_Otu1139_2_soil_Sweden_Eukaryota_Excavata_Discoba_Discoba_X_Euglenozoa_Heteronematina_Heteronematina_X_Family	Eukaryota;Excavata;Discoba;Euglenozoa;Euglenida;Petalomonadida;Eupetalomonads_X;Eupetalomonads_XX
REF_BRK_m64077_200208_195333_83101142_ccs_single-barcode_Otu1130_2_soil_Sweden_Eukaryota_Excavata_Discoba_Discoba_X_Euglenozoa_Heteronematina_Heteronematina_X_Heteronematina_XX_Heteronematina_XX_sp_Species	Eukaryota;Excavata;Discoba;Euglenozoa;Euglenida;Petalomonadida;Eupetalomonads_X;Eupetalomonads_XX
REF_BRK_m64077_200208_195333_9831854_ccs_single-barcode_Otu1152_2_soil_Sweden_Eukaryota_Excavata_Discoba_Discoba_X_Euglenozoa_Class	Eukaryota;Excavata;Discoba;Euglenozoa;Euglenida;Petalomonadida;Scytomonadidae;Notosolenus
REF_BRK_m64077_200210_022006_117835304_ccs_single-barcode_Otu1115_2_surface_Ms1-DCM_Eukaryota_Excavata_Discoba_Discoba_X_Euglenozoa_Kinetoplastida_Neobodonidae_Neobodo_Neobodo_designis_Species	Eukaryota;Excavata;Discoba;Euglenozoa;Kinetoplastea;Neobodonida;Neobodonidae;Neobodo
REF_BRK_m64077_200210_022006_172427610_ccs_single-barcode_Otu0673_2_surface_WC-sur_Eukaryota_TSAR_Rhizaria_Cercozoa_Filosa-Thecofilosea_Cryomonadida_Cryothecomonas-lineage_Cryothecomonas_Genus	Eukaryota;TSAR;Rhizaria;Cercozoa;Filosa-Thecofilosea;Cryomonadida;Cryothecomonas-lineage;Cryothecomonas
REF_BRK_m64077_200210_022006_90965818_ccs_double-barcode_Otu0564_4_surface_Ms2-DCM_Eukaryota_Eukaryota_X_Picozoa_Picozoa_X_Picozoa_XX_Picozoa_XXX_Picozoa_XXXX_Family	Eukaryota;Archaeplastida;Picozoa;Picozoa_X;Picomonadea;Picomonadida;Picomonadidae;Picomonas
REF_BRK_m64077_200212_211140_2032216_ccs_double-barcode_Otu591_2_deep_Ms2-mes_Eukaryota_TSAR_Alveolata_Ciliophora_Oligohymenophorea_OLIGO5_OLIGO5_X_OLIGO5_XX_OLIGO5_XX_sp_Species	Eukaryota;TSAR;Alveolata;Ciliophora;Oligohymenophorea;OLIGO5;OLIGO5_X;OLIGO5_XX
REF_BRK_m64077_200212_211140_32178641_ccs_single-barcode_Otu1836_2_deep_Ms1-bat_Eukaryota_TSAR_Alveolata_Perkinsea_Perkinsida_Perkinsida_X_Perkinsida_XX_Perkinsida_XXX_Perkinsida_XXX_sp_Species	Eukaryota;TSAR;Alveolata;Perkinsea;Perkinsida;Perkinsida_X;Xcellidae;Gadixcellia
REF_BRK_m64077_200212_211140_93651488_ccs_double-barcode_Otu1775_2_deep_Ms1-bat_Eukaryota_TSAR_Rhizaria_Cercozoa_Endomyxa-Gromiidea_Gromiida_Gromiidae_Gromia_Gromia_oviformis_Species	Eukaryota;TSAR;Stramenopiles;Gyrista;Peronosporomycetes;Peronosporomycetes_X;Haliphthorales;Halodaphnea
REF_GEN_GCA_000149305.1	Eukaryota;Obazoa;Opisthokonta;Fungi;Mucoromycota;Mucoromycotina;Mucoromycotina_X;Rhizopus
REF_GEN_GCA_000151295.1	Eukaryota;Obazoa;Opisthokonta;Fungi;Blastocladiomycota;Blastocladiomycotina;Blastocladiomycetes;Allomyces
REF_GEN_GCA_000180635.3	Eukaryota;Obazoa;Opisthokonta;Metazoa;Nematoda;Chromadorea;Chromadorea_X;Pristionchus
REF_GEN_GCA_000187875.1	Eukaryota;Obazoa;Opisthokonta;Metazoa;Arthropoda;Crustacea;Branchiopoda;Daphnia
REF_GEN_GCA_000296195.2	Eukaryota;TSAR;Stramenopiles;Gyrista;Mediophyceae;Thalassiosirales;Thalassiosiraceae;Thalassiosira
REF_GEN_GCA_000310025.1	Eukaryota;TSAR;Stramenopiles;Gyrista;Phaeophyceae;Phaeophyceae_X;Phaeophyceae_XX;Ectocarpus
REF_GEN_GCA_000312925.2	Eukaryota;Obazoa;Opisthokonta;Fungi;Ascomycota;Taphrinomycotina;Taphrinomycetes;Taphrina
REF_GEN_GCA_000328365.1	Eukaryota;Archaeplastida;Streptophyta;Streptophyta_X;Embryophyceae;Embryophyceae_X;Embryophyceae_XX;Rehmannia
REF_GEN_GCA_000442495.1	Eukaryota;Excavata;Discoba;Euglenozoa;Kinetoplastea;Trypanosomatida;Trypanosomatidae;Strigomonas
REF_GEN_GCA_000442575.2	Eukaryota;Excavata;Discoba;Euglenozoa;Kinetoplastea;Trypanosomatida;Trypanosomatidae;Angomonas
REF_GEN_GCA_000751175.1	Eukaryota;TSAR;Alveolata;Ciliophora;Spirotrichea;Hypotrichia;Oxytrichidae;Stylonychia
REF_GEN_GCA_000982615.1	Eukaryota;Excavata;Discoba;Euglenozoa;Kinetoplastea;Trypanosomatida;Trypanosomatidae;Phytomonas
REF_GEN_GCA_001179505.1	Eukaryota;TSAR;Alveolata;Dinoflagellata;Dinophyceae;Dinophyceae_X;Dinophyceae_XX;Dinophyceae_XXX
REF_GEN_GCA_001299535.1	Eukaryota;Excavata;Discoba;Euglenozoa;Kinetoplastea;Trypanosomatida;Trypanosomatidae;Leptomonas
REF_GEN_GCA_001483515.1	Eukaryota;TSAR;Alveolata;Apicomplexa;Gregarinomorphea;Cryptogregarinorida;Cryptosporidiidae;Cryptosporidium4
REF_GEN_GCA_001750085.1	Eukaryota;TSAR;Stramenopiles;Gyrista;Bacillariophyceae;Bacillariophyceae_X;Bacillariophyceae_XX;Bacillariophyceae_XXX
REF_GEN_GCA_001969505.1	Eukaryota;Obazoa;Opisthokonta;Fungi;Zoopagomycota;Kickxellomycotina;Harpellales;Smittium
REF_GEN_GCA_002104905.1	Eukaryota;Obazoa;Opisthokonta;Fungi;Zoopagomycota;Entomophthoromycotina;Entomophthoromycotina_X;Basidiobolus
REF_GEN_GCA_002104945.1	Eukaryota;Obazoa;Opisthokonta;Fungi;Chytridiomycota;Neocallimastigales;Neocallimastigaceae;Piromyces
REF_GEN_GCA_002104975.1	Eukaryota;Obazoa;Opisthokonta;Fungi;Chytridiomycota;Neocallimastigales;Neocallimastigaceae;Neocallimastix
REF_GEN_GCA_002104985.1	Eukaryota;Obazoa;Opisthokonta;Fungi;Chytridiomycota;Chytridiales;Chytridiomycetaceae;Rhizoclosmatium
REF_GEN_GCA_002217885.1	Eukaryota;TSAR;Stramenopiles;Gyrista;Bacillariophyceae;Naviculales;Stauroneidaceae;Fistulifera
REF_GEN_GCA_002245815.2	Eukaryota;Archaeplastida;Chlorophyta;Chlorophyta_X;Trebouxiophyceae;Chlorellales;Chlorellales_X;Micractinium
REF_GEN_GCA_002245835.2	Eukaryota;Archaeplastida;Chlorophyta;Chlorophyta_X;Trebouxiophyceae;Chlorellales;Chlorellales_X;Chlorella
REF_GEN_GCA_002335675.1	Eukaryota;Archaeplastida;Chlorophyta;Chlorophyta_X;Chlorophyceae;Chlamydomonadales;Chlamydomonadales_X;Chlamydomonas
REF_GEN_GCA_002705745.1	Eukaryota;Obazoa;Opisthokonta;Fungi;Zoopagomycota;Kickxellomycotina;Kickxellales;Coemansia
REF_GEN_GCA_003032435.1	Eukaryota;Obazoa;Opisthokonta;Fungi;Basidiomycota;Agaricomycotina;Agaricomycetes;Panellus
REF_GEN_GCA_003203535.1	Eukaryota;Archaeplastida;Chlorophyta;Chlorophyta_X;Chlorophyceae;Sphaeropleales;Sphaeropleales_X;Raphidocelis
REF_GEN_GCA_003427395.1	Eukaryota;Archaeplastida;Streptophyta;Streptophyta_X;Charophyceae;Charophyceae_X;Charophyceae_XX;Chara
REF_GEN_GCA_003709365.1	Eukaryota;Archaeplastida;Chlorophyta;Chlorophyta_X;Trebouxiophyceae;Chlorellales;Chlorellales_X;Auxenochlorella
REF_GEN_GCA_003719475.1	Eukaryota;Excavata;Discoba;Euglenozoa;Kinetoplastea;Trypanosomatida;Trypanosomatidae;Trypanosoma
REF_GEN_GCA_004565275.1	Eukaryota;TSAR;Stramenopiles;Gyrista;Eustigmatophyceae;Eustigmatophyceae_X;Eustigmatophyceae_XX;Nannochloropsis
REF_GEN_GCA_005966545.1	Eukaryota;TSAR;Stramenopiles;Gyrista;Peronosporomycetes;Peronosporomycetes_X;Peronosporales;Pythium
REF_GEN_GCA_007859695.1	Eukaryota;Archaeplastida;Chlorophyta;Chlorophyta_X;Chloropicophyceae;Chloropicales;Chloropicaceae;Chloropicon
REF_GEN_GCA_008330645.1	Eukaryota;TSAR;Stramenopiles;Bigyra;Bicoecea;Anoecales;Cafeteriaceae;Cafeteria
REF_GEN_GCA_015245375.1	Eukaryota;TSAR;Alveolata;Apicomplexa;Gregarinomorphea;Cryptogregarinorida;Cryptosporidiidae;Cryptosporidium1
REF_GEN_GCA_016834595.1	Eukaryota;Archaeplastida;Chlorophyta;Chlorophyta_X;Chlorophyceae;Chlamydomonadales;Chlamydomonadales_X;Chlamydomonas
REF_GEN_GCA_016834605.1	Eukaryota;Archaeplastida;Chlorophyta;Chlorophyta_X;Chlorophyceae;Chlamydomonadales;Chlamydomonadales_X;Chlamydomonas
REF_GEN_GCA_016858145.1	Eukaryota;Archaeplastida;Chlorophyta;Chlorophyta_X;Chlorophyceae;Chlamydomonadales;Chlamydomonadales_X;Chlamydomonas
REF_GEN_GCF_000001215.4	Eukaryota;Obazoa;Opisthokonta;Metazoa;Arthropoda;Hexapoda;Insecta;Drosophila
REF_GEN_GCF_000001405.38	Eukaryota;Obazoa;Opisthokonta;Metazoa;Craniata;Craniata_X;Mammalia;Homo
REF_GEN_GCF_000001735.4	Eukaryota;Archaeplastida;Streptophyta;Streptophyta_X;Embryophyceae;Embryophyceae_X;Embryophyceae_XX;Arabidopsis
REF_GEN_GCF_000001895.5	Eukaryota;Obazoa;Opisthokonta;Metazoa;Craniata;Craniata_X;Mammalia;Rattus
REF_GEN_GCF_000002035.6	Eukaryota;Obazoa;Opisthokonta;Metazoa;Craniata;Craniata_X;Teleostei;Danio
REF_GEN_GCF_000002235.4	Eukaryota;Obazoa;Opisthokonta;Metazoa;Echinodermata;Echinodermata_X;Echinodermata_XX;Echinodermata_XXX
REF_GEN_GCF_000002315.6	Eukaryota;Obazoa;Opisthokonta;Metazoa;Craniata;Craniata_X;Craniata_XX;Craniata_XXX
REF_GEN_GCF_000002415.2	Eukaryota;TSAR;Alveolata;Apicomplexa;Coccidiomorphea;Haemosporida;Plasmodiidae;Plasmodium1
REF_GEN_GCF_000002425.4	Eukaryota;Archaeplastida;Streptophyta;Streptophyta_X;Embryophyceae;Embryophyceae_X;Embryophyceae_XX;Physcomitrella
REF_GEN_GCF_000002515.2	Eukaryota;Obazoa;Opisthokonta;Fungi;Ascomycota;Saccharomycotina;Saccharomycetales;Kluyveromyces
REF_GEN_GCF_000002545.3	Eukaryota;Obazoa;Opisthokonta;Fungi;Ascomycota;Saccharomycotina;Saccharomycetales;Candida
REF_GEN_GCF_000002725.2	Eukaryota;Excavata;Discoba;Euglenozoa;Kinetoplastea;Trypanosomatida;Trypanosomatidae;Leishmania
REF_GEN_GCF_000002765.4	Eukaryota;TSAR;Alveolata;Apicomplexa;Coccidiomorphea;Haemosporida;Plasmodiidae;Plasmodium4
REF_GEN_GCF_000002775.4	Eukaryota;Archaeplastida;Streptophyta;Streptophyta_X;Embryophyceae;Embryophyceae_X;Embryophyceae_XX;Populus
REF_GEN_GCF_000002855.3	Eukaryota;Obazoa;Opisthokonta;Fungi;Ascomycota;Pezizomycotina;Eurotiomycetes;Aspergillus
REF_GEN_GCF_000002875.2	Eukaryota;Excavata;Discoba;Euglenozoa;Kinetoplastea;Trypanosomatida;Trypanosomatidae;Leishmania
REF_GEN_GCF_000002945.1	Eukaryota;Obazoa;Opisthokonta;Fungi;Ascomycota;Taphrinomycotina;Schizosaccharomycetes;Schizosaccharomyces
REF_GEN_GCF_000002985.6	Eukaryota;Obazoa;Opisthokonta;Metazoa;Nematoda;Chromadorea;Chromadorea_X;Caenorhabditis
REF_GEN_GCF_000003195.3	Eukaryota;Archaeplastida;Streptophyta;Streptophyta_X;Embryophyceae;Embryophyceae_X;Embryophyceae_XX;Sorghum
REF_GEN_GCF_000003225.3	Eukaryota;TSAR;Alveolata;Apicomplexa;Coccidiomorphea;Piroplasmorida;Theileriidae;Theileria9
REF_GEN_GCF_000003815.1	Eukaryota;Obazoa;Opisthokonta;Metazoa;Cephalochordata;Cephalochordata_X;Cephalochordata_XX;Branchiostoma
REF_GEN_GCF_000004195.3	Eukaryota;Obazoa;Opisthokonta;Metazoa;Craniata;Craniata_X;Amphibia;Xenopus
REF_GEN_GCF_000004255.2	Eukaryota;Archaeplastida;Streptophyta;Streptophyta_X;Embryophyceae;Embryophyceae_X;Embryophyceae_XX;Embryophyceae_XXX
REF_GEN_GCF_000004515.5	Eukaryota;Archaeplastida;Streptophyta;Streptophyta_X;Embryophyceae;Embryophyceae_X;Embryophyceae_XX;Glycine
REF_GEN_GCF_000005005.2	Eukaryota;Archaeplastida;Streptophyta;Streptophyta_X;Embryophyceae;Embryophyceae_X;Embryophyceae_XX;Zea
REF_GEN_GCF_000005505.3	Eukaryota;Archaeplastida;Streptophyta;Streptophyta_X;Embryophyceae;Embryophyceae_X;Embryophyceae_XX;Brachypodium
REF_GEN_GCF_000006515.1	Eukaryota;TSAR;Alveolata;Apicomplexa;Gregarinomorphea;Cryptogregarinorida;Cryptosporidiidae;Cryptosporidium13
REF_GEN_GCF_000006565.2	Eukaryota;TSAR;Alveolata;Apicomplexa;Coccidiomorphea;Eimeriida;Sarcocystidae;Toxoplasma1
REF_GEN_GCF_000090745.1	Eukaryota;Obazoa;Opisthokonta;Metazoa;Craniata;Craniata_X;Lepidosauria;Anolis
REF_GEN_GCF_000090985.2	Eukaryota;Archaeplastida;Chlorophyta;Chlorophyta_X;Mamiellophyceae;Mamiellales;Mamiellaceae;Micromonas
REF_GEN_GCF_000091205.1	Eukaryota;Archaeplastida;Rhodophyta;Rhodophyta_X;Bangiophyceae;Cyanidiales;Cyanidiales_X;Cyanidioschyzon
REF_GEN_GCF_000092065.1	Eukaryota;Archaeplastida;Chlorophyta;Chlorophyta_X;Mamiellophyceae;Mamiellales;Bathycoccaceae;Ostreococcus
REF_GEN_GCF_000142945.1	Eukaryota;TSAR;Stramenopiles;Gyrista;Peronosporomycetes;Peronosporomycetes_X;Peronosporales;Phytophthora
REF_GEN_GCF_000142985.2	Eukaryota;Obazoa;Opisthokonta;Metazoa;Arthropoda;Hexapoda;Insecta;Acyrthosiphon
REF_GEN_GCF_000143415.4	Eukaryota;Obazoa;Opisthokonta;Fungi;Ascomycota;Pezizomycotina;Dothideomycetes;Dothideomycetes_X
REF_GEN_GCF_000143455.1	Eukaryota;Archaeplastida;Chlorophyta;Chlorophyta_X;Chlorophyceae;Chlamydomonadales;Chlamydomonadales_X;Volvox
REF_GEN_GCF_000143565.1	Eukaryota;Obazoa;Opisthokonta;Fungi;Basidiomycota;Agaricomycotina;Agaricomycetes;Laccaria
REF_GEN_GCF_000146045.2	Eukaryota;Obazoa;Opisthokonta;Fungi;Ascomycota;Saccharomycotina;Saccharomycetales;Saccharomyces
REF_GEN_GCF_000147415.1	Eukaryota;Archaeplastida;Chlorophyta;Chlorophyta_X;Trebouxiophyceae;Chlorellales;Chlorellales_X;Chlorellales_XX
REF_GEN_GCF_000149245.1	Eukaryota;Obazoa;Opisthokonta;Fungi;Basidiomycota;Agaricomycotina;Tremellomycetes;Cryptococcus
REF_GEN_GCF_000149755.1	Eukaryota;TSAR;Stramenopiles;Gyrista;Peronosporomycetes;Peronosporomycetes_X;Peronosporales;Phytophthora
REF_GEN_GCF_000150275.1	Eukaryota;Obazoa;Opisthokonta;Metazoa;Placozoa;Placozoa_X;Placozoa_XX;Trichoplax
REF_GEN_GCF_000150955.2	Eukaryota;TSAR;Stramenopiles;Gyrista;Diatomeae_X;Diatomeae_XX;Phaeodactylaceae;Phaeodactylum
REF_GEN_GCF_000151265.2	Eukaryota;Archaeplastida;Chlorophyta;Chlorophyta_X;Mamiellophyceae;Mamiellales;Mamiellaceae;Micromonas
REF_GEN_GCF_000151315.2	Eukaryota;Obazoa;Opisthokonta;Filasterea;Filasterea_X;Capsasporida;Capsasporidae;Capsaspora
REF_GEN_GCF_000151335.2	Eukaryota;Obazoa;Opisthokonta;Fungi;Ascomycota;Pezizomycotina;Eurotiomycetes;Coccidioides
REF_GEN_GCF_000151545.1	Eukaryota;TSAR;Stramenopiles;Gyrista;Peronosporomycetes;Peronosporomycetes_X;Saprolegniales;Saprolegnia
REF_GEN_GCF_000151665.1	Eukaryota;TSAR;Stramenopiles;Bigyra;Opalozoa;Opalinata;Blastocystis-Group;Blastocystis
REF_GEN_GCF_000151685.1	Eukaryota;Archaeplastida;Streptophyta;Streptophyta_X;Embryophyceae;Embryophyceae_X;Embryophyceae_XX;Ricinus
REF_GEN_GCF_000165365.1	Eukaryota;TSAR;Alveolata;Apicomplexa;Coccidiomorphea;Piroplasmorida;Theileriidae;Theileria5
REF_GEN_GCF_000165395.1	Eukaryota;TSAR;Alveolata;Apicomplexa;Coccidiomorphea;Piroplasmorida;Babesiidae;Babesia6
REF_GEN_GCF_000182565.1	Eukaryota;Obazoa;Opisthokonta;Fungi;Chytridiomycota;Spizellomycetales;Spizellomycetaceae;Spizellomyces
REF_GEN_GCF_000182925.2	Eukaryota;Obazoa;Opisthokonta;Fungi;Ascomycota;Pezizomycotina;Sordariomycetes;Neurospora
REF_GEN_GCF_000182965.3	Eukaryota;Obazoa;Opisthokonta;Fungi;Ascomycota;Saccharomycotina;Saccharomycetales;Candida
REF_GEN_GCF_000186865.1	Eukaryota;TSAR;Stramenopiles;Gyrista;Pelagophyceae;Pelagomonadales;Pelagomonadaceae;Aureococcus
REF_GEN_GCF_000203795.1	Eukaryota;Obazoa;Opisthokonta;Fungi;Chytridiomycota;Rhizophydiales;Rhizophydiaceae;Batrachochytrium
REF_GEN_GCF_000209185.1	Eukaryota;Obazoa;Opisthokonta;Metazoa;Arthropoda;Hexapoda;Insecta;Culex
REF_GEN_GCF_000209225.1	Eukaryota;Obazoa;Opisthokonta;Metazoa;Cnidaria;Cnidaria_X;Anthozoa;Nematostella
REF_GEN_GCF_000214015.3	Eukaryota;Archaeplastida;Chlorophyta;Chlorophyta_X;Mamiellophyceae;Mamiellales;Bathycoccaceae;Ostreococcus
REF_GEN_GCF_000220395.1	Eukaryota;TSAR;Alveolata;Ciliophora;Oligohymenophorea;Hymenostomatia;Ophryoglenida;Ichthyophthirius
REF_GEN_GCF_000233375.1	Eukaryota;Obazoa;Opisthokonta;Metazoa;Mollusca;Gastropoda;Caenogastropoda;Conus
REF_GEN_GCF_000237925.1	Eukaryota;Obazoa;Opisthokonta;Metazoa;Platyhelminthes;Trematoda;Digenea;Schistosoma
REF_GEN_GCF_000240135.3	Eukaryota;Obazoa;Opisthokonta;Fungi;Ascomycota;Pezizomycotina;Sordariomycetes;Gibberella
REF_GEN_GCF_000240725.1	Eukaryota;TSAR;Stramenopiles;Gyrista;Eustigmatophyceae;Eustigmatophyceae_X;Eustigmatophyceae_XX;Nannochloropsis
REF_GEN_GCF_000258705.1	Eukaryota;Archaeplastida;Chlorophyta;Chlorophyta_X;Chlorophyceae;Chlamydomonadales;Coccomyxaceae;Coccomyxa
REF_GEN_GCF_000297895.1	Eukaryota;Obazoa;Opisthokonta;Metazoa;Mollusca;Bivalvia;Ostreoida;Crassostrea
REF_GEN_GCF_000342415.1	Eukaryota;TSAR;Alveolata;Apicomplexa;Coccidiomorphea;Piroplasmorida;Piroplasmorida1;Piroplasmorida1_1
REF_GEN_GCF_000349305.1	Eukaryota;Obazoa;Opisthokonta;Fungi;Basidiomycota;Ustilaginomycotina;Exobasidiomycetes;Malassezia
REF_GEN_GCF_000350225.1	Eukaryota;Obazoa;Opisthokonta;Metazoa;Annelida;Annelida_X;Annelida_XX;epibiont
REF_GEN_GCF_000439145.1	Eukaryota;Obazoa;Opisthokonta;Fungi;Mucoromycota;Glomeromycotina;Glomerales;Rhizophagus
REF_GEN_GCF_000499545.2	Eukaryota;TSAR;Alveolata;Apicomplexa;Coccidiomorphea;Eimeriida;Eimeriidae;Eimeria1
REF_GEN_GCF_000504015.1	Eukaryota;Archaeplastida;Streptophyta;Streptophyta_X;Embryophyceae;Embryophyceae_X;Embryophyceae_XX;Rehmannia
REF_GEN_GCF_000611645.1	Eukaryota;Archaeplastida;Chlorophyta;Chlorophyta_X;Chlorophyceae;Sphaeropleales;Selenastraceae;Monoraphidium
REF_GEN_GCF_000691945.2	Eukaryota;TSAR;Alveolata;Apicomplexa;Coccidiomorphea;Piroplasmorida;Piroplasmorida6;Piroplasmorida6_1
REF_GEN_GCF_000740895.1	Eukaryota;TSAR;Alveolata;Apicomplexa;Coccidiomorphea;Piroplasmorida;Theileriidae;Theileria1
REF_GEN_GCF_000743755.1	Eukaryota;TSAR;Stramenopiles;Bigyra;Opalozoa;Opalinata;Blastocystis-Group;Blastocystis
REF_GEN_GCF_000760515.2	Eukaryota;Obazoa;Opisthokonta;Fungi;Opisthosporidia;Microsporida;Microsporida_X;Mitosporidium
REF_GEN_GCF_000981445.1	Eukaryota;TSAR;Alveolata;Apicomplexa;Coccidiomorphea;Piroplasmorida;Babesiidae;Babesia
REF_GEN_GCF_001293395.1	Eukaryota;Excavata;Discoba;Euglenozoa;Kinetoplastea;Trypanosomatida;Trypanosomatidae;Leptomonas
REF_GEN_GCF_001638985.1	Eukaryota;Obazoa;Opisthokonta;Fungi;Mucoromycota;Mucoromycotina;Mucorales;Phycomyces
REF_GEN_GCF_002105155.1	Eukaryota;Obazoa;Opisthokonta;Fungi;Mucoromycota;Mortierellaceae;Mortierellaceae_X;Mortierella
REF_GEN_GCF_002220235.1	Eukaryota;Archaeplastida;Chlorophyta;Chlorophyta_X;Mamiellophyceae;Mamiellales;Bathycoccaceae;Bathycoccus
REF_GEN_GCF_002837175.2	Eukaryota;TSAR;Alveolata;Apicomplexa;Coccidiomorphea;Eimeriida;Sarcocystidae;Sarcocystis10
REF_GEN_GCF_003254395.2	Eukaryota;Obazoa;Opisthokonta;Metazoa;Arthropoda;Hexapoda;Insecta;Apis
REF_GEN_GCF_003850225.1	Eukaryota;Obazoa;Opisthokonta;Metazoa;Craniata;Craniata_X;Craniata_XX;Craniata_XXX
REF_GEN_GCF_900002335.2	Eukaryota;TSAR;Alveolata;Apicomplexa;Coccidiomorphea;Haemosporida;Plasmodiidae;Plasmodium2
REF_GEN_GCF_900002375.2	Eukaryota;TSAR;Alveolata;Apicomplexa;Coccidiomorphea;Haemosporida;Plasmodiidae;Plasmodium2
REF_GEN_GCF_900002385.2	Eukaryota;TSAR;Alveolata;Apicomplexa;Coccidiomorphea;Haemosporida;Plasmodiidae;Plasmodium2
CP084167.1	Archaea;Archaea;Archaea;Archaea;Archaea;Archaea;Archaea;Candidatus_Heimdallarchaeum
CP084166.1	Archaea;Archaea;Archaea;Archaea;Archaea;Archaea;Archaea;Candidatus_Heimdallarchaeum
CP104013.1	Archaea;Archaea;Archaea;Archaea;Archaea;Archaea;Archaea;Candidatus_Lokiarchaeum
CP042905.1	Archaea;Archaea;Archaea;Archaea;Archaea;Archaea;Archaea;Candidatus_Prometheoarchaeum
NZ_CP038631.1	Archaea;Archaea;Archaea;Archaea;Archaea;Archaea;Archaea;Halobacterium
NZ_CP101323.1	Archaea;Archaea;Archaea;Archaea;Archaea;Archaea;Archaea;Natronomonas
NC_020388.1	Archaea;Archaea;Archaea;Archaea;Archaea;Archaea;Archaea;Natronomonas
NC_014658.1	Archaea;Archaea;Archaea;Archaea;Archaea;Archaea;Archaea;Methanothermus
NZ_CP104550.1	Archaea;Archaea;Archaea;Archaea;Archaea;Archaea;Archaea;Methanothermobacter
NC_009515.1	Archaea;Archaea;Archaea;Archaea;Archaea;Archaea;Archaea;Methanothermobacter
CP091871.1	Archaea;Archaea;Archaea;Archaea;Archaea;Archaea;Archaea;Candidatus_Odinarchaeum
NC_018719.1	Archaea;Archaea;Archaea;Archaea;Archaea;Archaea;Archaea;Candidatus_Nitrososphaera
NZ_CP007536.1	Archaea;Archaea;Archaea;Archaea;Archaea;Archaea;Archaea;Nitrososphaera
NZ_CP007174.1	Archaea;Archaea;Archaea;Archaea;Archaea;Archaea;Archaea;Candidatus_Nitrososphaera
NC_010085.1	Archaea;Archaea;Archaea;Archaea;Archaea;Archaea;Archaea;Nitrosopumilus
NZ_CP026994.1	Archaea;Archaea;Archaea;Archaea;Archaea;Archaea;Archaea;Nitrosopumilus
NZ_CP026993.1	Archaea;Archaea;Archaea;Archaea;Archaea;Archaea;Archaea;Nitrosopumilus
U00096.3	Bacteria;Bacteria;Bacteria;Bacteria;Bacteria;Bacteria;Bacteria;Escherichia
AE001273.1	Bacteria;Bacteria;Bacteria;Bacteria;Bacteria;Bacteria;Bacteria;Chlamydia
AL009126.3	Bacteria;Bacteria;Bacteria;Bacteria;Bacteria;Bacteria;Bacteria;Bacillus
BA000030.4	Bacteria;Bacteria;Bacteria;Bacteria;Bacteria;Bacteria;Bacteria;Streptomyces
CP000909.1	Bacteria;Bacteria;Bacteria;Bacteria;Bacteria;Bacteria;Bacteria;Chloroflexus
CP001037.1	Bacteria;Bacteria;Bacteria;Bacteria;Bacteria;Bacteria;Bacteria;Nostoc
CP001340.1	Bacteria;Bacteria;Bacteria;Bacteria;Bacteria;Bacteria;Bacteria;Caulobacter
CP006694.1	Bacteria;Bacteria;Bacteria;Bacteria;Bacteria;Bacteria;Bacteria;Leptospira
CP011503.1	Bacteria;Bacteria;Bacteria;Bacteria;Bacteria;Bacteria;Bacteria;Burkholderia
CP040530.1	Bacteria;Bacteria;Bacteria;Bacteria;Bacteria;Bacteria;Bacteria;Bacteroides
AP024681.1	Bacteria;Bacteria;Bacteria;Bacteria;Bacteria;Bacteria;Bacteria;Candidatus_Parcubacteria
NC_022690.1	Bacteria;Mitochondria;Mitochondria;Mitochondria;Mitochondria;Mitochondria;Mitochondria;Rhodeus_shitaiensis
NC_037304.1	Bacteria;Mitochondria;Mitochondria;Mitochondria;Mitochondria;Mitochondria;Mitochondria;Arabidopsis_thaliana
NC_040166.1	Bacteria;Mitochondria;Mitochondria;Mitochondria;Mitochondria;Mitochondria;Mitochondria;Aspergillus_luchuensis
NC_068853.1	Bacteria;Mitochondria;Mitochondria;Mitochondria;Mitochondria;Mitochondria;Mitochondria;Thecamoeba_quadrilineata
NC_058286.1	Bacteria;Mitochondria;Mitochondria;Mitochondria;Mitochondria;Mitochondria;Mitochondria;Paramecium_gigas
NC_056364.1	Bacteria;Mitochondria;Mitochondria;Mitochondria;Mitochondria;Mitochondria;Mitochondria;Thalassiosira_profunda
NC_030349.1	Bacteria;Plastid;Plastid;Plastid;Plastid;Plastid;Plastid;Arabidopsis_petrogena
NC_071362.1	Bacteria;Plastid;Plastid;Plastid;Plastid;Plastid;Plastid;Utricularia_adpressa
NC_065616.1	Bacteria;Plastid;Plastid;Plastid;Plastid;Plastid;Plastid;Ephedra_gerardiana
NC_022667.1	Bacteria;Plastid;Plastid;Plastid;Plastid;Plastid;Plastid;Leucocytozoon_caulleryi
NC_023130.1	Bacteria;Plastid;Plastid;Plastid;Plastid;Plastid;Plastid;Pyrus_spinosa
